107304191,apple
326872170,banana
107304196,gooseberry
1528266,pear
107304184,banana
107304183,pear
272870886,apple
231152378,apple
231150368,pear
710421996,pear
219922204,apple
710421997,kiwi
710421998,banana
710421569,gooseberry
625921998,apple
107222676,pear
107222672,pear
107222686,pear
342098476,pear
7727524,kiwi
268103933,apple
105353181,banana
105353190,gooseberry
105353192,apple
424302489,banana
105353186,apple
424302490,banana
105353191,banana
105353184,kiwi
105353600,apple
105353604,gooseberry
105353603,apple
424302491,pear
105353602,apple
105733635,gooseberry
105733621,kiwi
327516767,apple
424276462,gooseberry
424276459,kiwi
194943457,banana
104191071,apple
107222685,pear
709577386,pear
107222677,banana
107222688,gooseberry
534911910,gooseberry
709577382,apple
709577385,banana
279431696,gooseberry
279431697,gooseberry
107222149,apple
107222147,banana
572475169,kiwi
107222139,apple
107222145,banana
107222143,gooseberry
107222151,gooseberry
107222140,gooseberry
107222144,gooseberry
107222673,banana
107222682,banana
107222691,banana
107222690,gooseberry
107222687,banana
107222679,apple
107222683,banana
107222670,banana
107222675,pear
477320745,banana
107222684,apple
493741427,kiwi
107222141,banana
231152840,banana
231152376,apple
231152377,kiwi
231152839,kiwi
414937224,kiwi
107222678,banana
7517840,banana
346058696,kiwi
181479019,kiwi
414937223,apple
414937222,banana
259587880,gooseberry
259068134,banana
258741778,pear
3539307,gooseberry
9377007,kiwi
259759258,banana
259759255,pear
259759257,apple
259759252,apple
259759259,banana
259759253,banana
259067894,pear
258741783,banana
259067893,pear
506009969,kiwi
85248050,gooseberry
225036070,pear
506009967,pear
6966703,banana
217943821,apple
217943822,kiwi
217943823,banana
217943824,banana
3891360,apple
624674578,kiwi
157390075,kiwi
737321259,gooseberry
238332008,pear
238332003,banana
238332007,kiwi
277427726,kiwi
277437200,gooseberry
258741781,banana
259587878,apple
258756205,gooseberry
258684359,gooseberry
259759261,apple
259759251,apple
259759256,kiwi
259759254,gooseberry
258756207,pear
258756196,pear
258756200,kiwi
258756199,gooseberry
258756198,gooseberry
258756206,banana
258756208,apple
258756197,apple
174277607,pear
258756203,pear
258756210,apple
258756204,banana
258756213,kiwi
258756202,apple
258756201,gooseberry
258756211,banana
258756209,apple
37410673,banana
258756212,gooseberry
426545616,banana
426545609,apple
426545610,kiwi
24736978,pear
24736981,gooseberry
24736974,pear
426545613,apple
426545614,apple
426545611,banana
26177619,apple
426545615,kiwi
426545612,gooseberry
28134,banana
3626485,apple
2886766,apple
9085235,gooseberry
188512934,kiwi
421618238,banana
11286312,apple
3349,pear
40444370,apple
25777561,banana
120608720,pear
120608711,kiwi
424415182,gooseberry
424415181,banana
570788599,kiwi
40444491,banana
649565814,gooseberry
58716337,banana
195091661,pear
105352754,pear
424302488,pear
131691161,banana
237796249,kiwi
105353188,banana
237796250,banana
105353185,gooseberry
105352766,kiwi
105352750,apple
25386363,apple
885023171,gooseberry
327517163,pear
105352790,banana
11355720,pear
11351098,kiwi
25777239,apple
11342979,pear
11286296,banana
3343,kiwi
105353189,apple
105353187,pear
105352781,pear
105352770,apple
327517161,kiwi
105733617,pear
672269130,kiwi
1494024,banana
195092594,gooseberry
327517162,kiwi
105352761,gooseberry
131695806,apple
105352786,apple
105352779,pear
260136898,banana
424276463,kiwi
1494025,pear
1494026,kiwi
105352776,gooseberry
131621679,apple
131621680,pear
105733650,pear
131621684,apple
1493986,apple
131621683,banana
105734027,gooseberry
105350641,kiwi
105734025,apple
105350640,banana
105350639,banana
556233800,pear
105350638,banana
105350637,pear
194139356,apple
2625488,kiwi
32359649,kiwi
217611203,apple
184915,gooseberry
194139355,gooseberry
2201742,apple
37408952,kiwi
23160784,kiwi
1766958,banana
237814708,gooseberry
131487807,kiwi
206159289,banana
518071762,apple
518071791,pear
374391,banana
24246741,kiwi
217611201,banana
2882039,pear
3203717,pear
238875617,pear
23160782,apple
3203772,kiwi
3073590,kiwi
26050740,pear
229236494,apple
24246523,kiwi
26041936,banana
519273963,kiwi
24246511,apple
22990151,apple
1290213,gooseberry
13649546,pear
216228631,kiwi
13649548,kiwi
13650706,pear
13655226,apple
13655225,kiwi
13655231,pear
13655230,pear
13655236,banana
13760716,pear
13760719,apple
13760720,kiwi
13760721,kiwi
74914243,banana
13655227,banana
191513727,apple
3221,gooseberry
191513724,apple
191513717,apple
191513713,gooseberry
191513732,banana
191513716,apple
191513736,apple
191513711,pear
191513720,pear
191513719,pear
13648222,kiwi
3285437,pear
191513735,pear
191513730,gooseberry
191513714,pear
191513708,pear
191513728,pear
191513710,gooseberry
49679774,kiwi
191513733,banana
191513722,gooseberry
191513725,kiwi
13671389,banana
49679775,apple
74914164,pear
757871339,kiwi
11080117,apple
518071779,gooseberry
375247938,apple
38360826,banana
195257482,pear
117220640,gooseberry
47335092,pear
47364289,gooseberry
47369445,gooseberry
47335058,kiwi
47364327,kiwi
47335056,pear
47369454,gooseberry
47335087,banana
47369444,kiwi
47335060,kiwi
47369401,banana
47369422,apple
47369420,gooseberry
47364295,kiwi
47369418,banana
47364338,apple
47364336,banana
47369404,pear
47364323,gooseberry
47364322,pear
47335153,apple
47335155,apple
47363107,pear
47369335,apple
47369333,apple
47369332,banana
47369328,apple
47350845,apple
47335143,apple
47335142,kiwi
47364223,apple
47369325,banana
47364309,banana
47369219,pear
47369423,apple
47364304,apple
47364305,kiwi
47364276,apple
47364274,apple
47369369,banana
47369370,kiwi
47364262,pear
47364263,gooseberry
47369371,kiwi
47369372,kiwi
47364320,gooseberry
47369428,apple
47364288,gooseberry
47369391,gooseberry
47369393,gooseberry
47364278,pear
47369384,banana
47369317,kiwi
47364246,apple
47364244,pear
47369359,apple
47369360,pear
47369340,gooseberry
47364242,apple
47364240,pear
47364231,banana
47364229,apple
47369248,gooseberry
47369319,gooseberry
47364257,apple
47364259,pear
47369353,apple
47369354,apple
47369249,banana
47369270,kiwi
47335139,apple
47369265,pear
47364155,apple
47335121,gooseberry
47369264,gooseberry
47369285,banana
47363500,apple
47363501,pear
47335115,apple
47335108,pear
47335103,gooseberry
47364140,banana
47364142,pear
47335172,banana
47363508,pear
47364143,kiwi
47368913,pear
47368912,banana
47364206,kiwi
47364203,kiwi
47364200,apple
47369314,banana
47369298,banana
47364191,apple
47371569,gooseberry
47371568,banana
47364186,gooseberry
47364158,pear
47364159,gooseberry
47364216,pear
47364219,apple
47369303,kiwi
47369302,banana
47364185,banana
47367209,banana
47369283,kiwi
47364168,apple
47364170,banana
47367201,banana
47367202,apple
47366646,banana
47364172,kiwi
47363557,banana
47363560,pear
47368971,banana
47368972,banana
47367203,gooseberry
47369286,pear
47368794,pear
47368968,gooseberry
47363502,banana
47335181,kiwi
47335183,pear
47363469,apple
47335179,kiwi
47368896,gooseberry
47368947,apple
47363484,apple
47363486,gooseberry
47368906,pear
47368903,banana
47368922,apple
47363471,kiwi
47368914,gooseberry
47363395,apple
47335198,pear
47335196,pear
47368902,apple
47368866,banana
47368915,kiwi
47368852,apple
47368869,gooseberry
47368864,apple
47363402,pear
47368870,apple
47368867,banana
47366874,gooseberry
47368949,gooseberry
47368895,kiwi
47363546,apple
47368945,gooseberry
47363549,kiwi
47363529,gooseberry
47368927,pear
47363519,gooseberry
47368928,kiwi
47368930,gooseberry
47363565,banana
47363563,kiwi
47363561,banana
47363535,gooseberry
47363538,kiwi
47368931,gooseberry
47368918,banana
47368854,gooseberry
47368871,apple
47363516,gooseberry
47368855,banana
47363441,pear
47368872,gooseberry
47368868,gooseberry
47366907,banana
47363443,gooseberry
47363445,gooseberry
47363447,apple
47363531,gooseberry
47363530,kiwi
47368885,banana
47366647,pear
47363461,kiwi
47369233,apple
47364932,pear
47364852,gooseberry
47364933,kiwi
47369647,apple
47369734,gooseberry
47369808,banana
47369646,pear
47369744,gooseberry
47364079,pear
47369453,kiwi
47369452,apple
47369732,kiwi
47369727,banana
47369724,apple
47369438,banana
47369437,apple
47369685,gooseberry
47369706,gooseberry
47369707,pear
47369725,gooseberry
47369748,gooseberry
47369692,kiwi
47369694,kiwi
47369717,apple
47364853,apple
47369721,gooseberry
47369719,pear
47369812,apple
47369810,banana
47369644,banana
47369788,gooseberry
47369811,gooseberry
47369642,apple
47364898,gooseberry
47364924,pear
47364913,apple
47369781,kiwi
47369780,apple
47369799,banana
47364904,pear
47364905,banana
47364908,apple
47369760,apple
47369761,pear
47364907,apple
47369777,kiwi
47369776,pear
47364925,apple
47364920,gooseberry
47369795,apple
47364891,banana
47364895,banana
47364093,banana
47364092,banana
47364095,banana
47364805,kiwi
47364804,kiwi
47369570,kiwi
47369571,apple
47364101,gooseberry
47364132,banana
47369575,apple
47369573,banana
47364519,kiwi
47369569,banana
47369710,pear
47369708,banana
47364545,apple
47364823,banana
47364821,pear
47364820,kiwi
47364547,kiwi
47369588,apple
47364532,gooseberry
47364516,banana
47364560,banana
47369590,banana
47364533,gooseberry
47364541,kiwi
47369318,banana
47369540,banana
47369541,kiwi
47369527,apple
47369543,pear
47369542,banana
47364125,pear
47364124,apple
363497757,banana
47364487,gooseberry
47364485,apple
47364483,apple
47369530,gooseberry
47369556,banana
47364503,kiwi
47364543,banana
47364510,gooseberry
47369558,apple
47364496,pear
47364495,kiwi
47369472,kiwi
47364498,kiwi
47364500,gooseberry
47364502,banana
47364879,apple
47364878,banana
47369218,banana
47369750,banana
47364874,gooseberry
47364875,kiwi
47364642,pear
47364643,gooseberry
47364635,banana
47364637,apple
47369629,kiwi
47369628,banana
47369625,gooseberry
47364633,gooseberry
47369765,kiwi
47369764,gooseberry
47364650,pear
47364651,gooseberry
47364654,gooseberry
47367322,banana
47367323,banana
47364594,apple
47364596,kiwi
47364599,gooseberry
47369523,apple
47369610,gooseberry
47364577,pear
47364592,gooseberry
47364586,gooseberry
47364472,apple
47364578,pear
47364567,pear
47369468,kiwi
47364648,pear
47364617,banana
47369608,kiwi
47364608,gooseberry
47367312,kiwi
47369465,banana
47364777,pear
47364801,kiwi
47364795,apple
47365075,kiwi
47369864,kiwi
47365076,gooseberry
47369659,banana
47364998,kiwi
47364995,kiwi
47364994,kiwi
47369862,banana
47369798,banana
47364790,kiwi
47369866,banana
47364972,banana
47364786,gooseberry
47364784,gooseberry
47369837,banana
47369814,kiwi
47369835,gooseberry
47369833,pear
47369880,banana
47369870,gooseberry
47364988,banana
47364991,pear
47364985,apple
47369871,kiwi
47364970,banana
47364968,apple
47364966,banana
47364981,apple
47369847,apple
47369853,gooseberry
47365072,kiwi
47365049,apple
47365077,pear
47365040,gooseberry
47369928,kiwi
47365062,apple
47369917,apple
47365042,kiwi
47369896,pear
47369914,apple
47369897,pear
47369898,banana
47365046,pear
47365018,gooseberry
47369888,banana
47369824,banana
47365008,gooseberry
47367457,banana
47369920,apple
47369825,pear
47365027,gooseberry
47367474,banana
47369762,gooseberry
47369831,kiwi
47364800,pear
47364940,pear
47364942,pear
47364943,apple
47364701,banana
47367178,kiwi
47367325,apple
47367389,gooseberry
47367390,apple
47364703,gooseberry
47367388,pear
47367391,pear
47369841,apple
47369840,banana
47364959,kiwi
47364719,gooseberry
47369845,apple
47369843,banana
47364717,gooseberry
47364718,kiwi
47367404,pear
47364714,pear
47364711,pear
47367405,kiwi
47364715,pear
47367396,kiwi
47367311,gooseberry
47367371,banana
47367372,banana
47364670,gooseberry
47367370,pear
47367368,pear
47364362,kiwi
47364364,pear
47364366,kiwi
47364666,pear
47364667,pear
47367219,gooseberry
47367356,kiwi
47367386,banana
47367357,banana
47364685,apple
47364686,pear
47367384,apple
47364684,pear
47367374,apple
47364680,apple
47364676,pear
47367375,apple
47367223,gooseberry
47369886,kiwi
47369887,gooseberry
47369234,gooseberry
47369641,pear
47367456,banana
47367459,gooseberry
47365010,kiwi
47364754,kiwi
47367428,apple
47369640,kiwi
47367429,gooseberry
47364753,pear
47364752,banana
47367433,apple
47367466,banana
47365025,apple
47367186,banana
47364775,apple
47364773,kiwi
47364771,pear
47367441,kiwi
47364737,apple
47364739,kiwi
47364741,banana
47364726,banana
47367420,banana
47367421,banana
47364735,gooseberry
47364734,pear
47367218,banana
47364731,apple
47336871,gooseberry
47336777,gooseberry
47367353,pear
47367427,pear
47367423,kiwi
47336880,banana
47336881,apple
47336776,pear
47364120,kiwi
47369481,apple
47369300,banana
47364409,kiwi
47364407,gooseberry
47369479,gooseberry
47367190,apple
47367239,pear
47364110,pear
47367189,gooseberry
47364382,banana
47364383,gooseberry
47369489,banana
47369488,kiwi
47364415,banana
47364427,kiwi
47369491,banana
47364416,banana
47364413,gooseberry
47367238,pear
47367264,banana
47364418,kiwi
47367237,pear
47367269,pear
47364108,pear
47367205,banana
47364104,apple
47367250,pear
47364378,gooseberry
47364380,kiwi
47363127,banana
47369161,kiwi
47366641,apple
47364381,banana
47363936,kiwi
47366642,pear
47364397,gooseberry
47364396,gooseberry
47367255,banana
47364398,banana
47364394,pear
47367254,gooseberry
47363952,pear
47367063,pear
47367061,apple
47363953,pear
47363948,gooseberry
47367065,kiwi
47364471,kiwi
47367170,pear
47364467,gooseberry
47369521,kiwi
47367169,banana
47364456,banana
47367298,apple
47367287,pear
47367285,pear
47367305,banana
47367281,banana
47366629,pear
47369522,banana
47367307,banana
47364477,kiwi
47364473,apple
47369475,apple
47367293,banana
47364445,apple
47364440,kiwi
47364442,apple
47367284,banana
47369505,banana
47369504,gooseberry
47364443,pear
47367079,kiwi
47367078,gooseberry
47366628,banana
47367077,apple
47367076,gooseberry
47366625,kiwi
47369506,apple
47369507,gooseberry
47366626,kiwi
47364008,banana
47364009,apple
47363133,pear
47367056,apple
47363136,kiwi
47367052,banana
47367057,kiwi
47367035,gooseberry
47368944,gooseberry
47363163,apple
47369139,kiwi
47366975,gooseberry
47363916,kiwi
47369143,banana
47367060,apple
47363940,pear
47367034,gooseberry
47363908,banana
47369190,pear
47363904,kiwi
47363927,gooseberry
47363925,gooseberry
47363920,gooseberry
47369153,pear
47369173,apple
47369151,apple
47363168,gooseberry
47363170,kiwi
47363171,gooseberry
47363910,pear
47363909,pear
47369087,pear
47368886,gooseberry
47363175,apple
47363109,apple
47363823,pear
47363822,apple
47363820,gooseberry
47369152,gooseberry
47366973,banana
47369094,kiwi
47363895,kiwi
47363800,pear
47369119,gooseberry
47363836,gooseberry
47366974,kiwi
47369092,banana
47369120,banana
47366972,pear
47369093,kiwi
47363992,apple
47363994,kiwi
47363995,pear
47367041,apple
47363983,kiwi
47363981,apple
47369175,banana
47369174,apple
47369168,banana
47369187,banana
47363957,apple
47369171,pear
47367044,pear
47364003,kiwi
47363976,gooseberry
47369186,kiwi
47363979,gooseberry
47363975,banana
47369169,gooseberry
47366969,banana
47369122,apple
47369170,apple
47363875,gooseberry
47369126,gooseberry
47369124,pear
47367017,gooseberry
47363879,gooseberry
47363874,apple
47367016,gooseberry
47367023,apple
47367074,apple
47366958,pear
47363876,pear
47363873,apple
47369127,pear
47363889,banana
47367336,gooseberry
47367306,kiwi
47369520,banana
47364657,banana
47336815,apple
47336809,pear
47367331,pear
47367216,banana
47367217,pear
47336811,pear
47336787,apple
47336792,banana
47367339,apple
47367338,kiwi
47336818,pear
47367342,banana
47367341,gooseberry
47336820,gooseberry
47336817,gooseberry
47336785,gooseberry
47336804,pear
47336816,pear
47336783,gooseberry
47336808,pear
47364376,banana
47336764,gooseberry
47336754,pear
47336795,gooseberry
47336788,gooseberry
47336790,pear
47336643,banana
47336657,pear
47336655,pear
47336650,gooseberry
47336699,kiwi
47336701,apple
47336802,apple
47336799,pear
47336796,banana
47336806,banana
47336801,apple
47336798,pear
47336648,banana
47336716,kiwi
47336713,kiwi
47335237,gooseberry
47336720,banana
47336718,gooseberry
47364664,apple
47367345,banana
47336856,apple
47336854,kiwi
47336853,apple
47336850,gooseberry
47336858,kiwi
47336781,pear
47336840,kiwi
47336848,apple
47336780,banana
47336833,kiwi
47336867,apple
47336870,kiwi
47336866,banana
47336865,pear
47336778,kiwi
47336845,apple
47336841,apple
47336837,apple
47336838,kiwi
47336831,kiwi
47336830,kiwi
47336835,gooseberry
47336646,banana
47336738,gooseberry
47336740,banana
47336647,apple
47336732,pear
47336731,banana
47336846,kiwi
47336842,apple
47336843,kiwi
47336645,apple
47336746,kiwi
47336748,banana
47336693,gooseberry
47336692,gooseberry
47336678,banana
47336694,gooseberry
47336695,kiwi
47336679,apple
47367045,gooseberry
47336662,banana
47363775,banana
47336690,kiwi
47367156,kiwi
47367155,banana
47336708,banana
47336704,pear
47336663,banana
47336711,pear
47336702,banana
47336676,gooseberry
47364077,banana
47364076,pear
47367158,pear
47364063,banana
47367168,banana
47364062,banana
47363770,kiwi
47366959,pear
47336672,kiwi
47367153,kiwi
47364068,apple
47367129,apple
47363768,gooseberry
47367123,kiwi
47367122,gooseberry
47364047,kiwi
47364046,kiwi
47367121,banana
47364073,kiwi
47364059,kiwi
47367138,banana
47364061,gooseberry
47366964,gooseberry
47367141,kiwi
47367139,gooseberry
47364052,banana
47369203,gooseberry
47367140,kiwi
47350607,pear
47350606,pear
47336736,pear
47336735,pear
47336733,kiwi
47336730,pear
47336728,gooseberry
47336668,banana
47350775,kiwi
47350776,banana
47350773,banana
47350772,kiwi
47350771,gooseberry
47350770,gooseberry
47336743,kiwi
47336744,banana
47336722,gooseberry
47350779,apple
47350780,apple
47350777,gooseberry
47350774,banana
47350737,gooseberry
47350762,gooseberry
47350769,gooseberry
47350738,banana
47350755,gooseberry
47350761,gooseberry
47350760,kiwi
47350759,kiwi
47350756,apple
47350757,pear
47350758,gooseberry
47350778,pear
47350739,gooseberry
47350765,gooseberry
47350766,apple
47350764,apple
47350763,gooseberry
47335051,apple
47335052,banana
47335061,banana
47335042,kiwi
47366686,pear
47366687,pear
47366684,gooseberry
47335277,kiwi
47335282,gooseberry
47335279,banana
47335280,banana
47376239,kiwi
47363394,gooseberry
47363366,gooseberry
363497747,gooseberry
47376240,pear
47335211,apple
47366858,kiwi
47335207,banana
47366669,gooseberry
47363398,gooseberry
47366866,pear
47366865,kiwi
47363376,apple
47366867,kiwi
47363380,gooseberry
47363382,kiwi
47363294,apple
47363383,gooseberry
47363364,kiwi
47335212,pear
47363189,banana
47366789,pear
47335045,kiwi
47335065,apple
47366785,pear
47335046,pear
47366765,pear
47366782,kiwi
47363295,pear
47363289,kiwi
47368825,gooseberry
47363247,kiwi
47366790,apple
47363291,pear
47366779,kiwi
47366791,gooseberry
47366780,gooseberry
47366850,banana
47363424,apple
47366886,kiwi
47366851,gooseberry
47366899,pear
47363411,apple
47366880,banana
47363418,pear
47363344,apple
47366881,apple
47363408,gooseberry
47366671,apple
47366854,apple
47366900,pear
47366901,pear
47363430,apple
47363428,pear
47363426,gooseberry
47366817,gooseberry
47368837,apple
47368836,gooseberry
47363334,pear
47363332,gooseberry
47366821,kiwi
47366818,gooseberry
47366806,apple
47366836,banana
47366820,banana
47363307,banana
47366839,gooseberry
47368850,gooseberry
47368847,pear
47363351,kiwi
47363350,apple
47363327,banana
47363191,kiwi
47366692,banana
47366693,apple
47366767,pear
47366764,pear
47366760,kiwi
47363187,pear
47335063,pear
47363185,pear
47366761,banana
47363209,pear
47366777,gooseberry
47363277,kiwi
47363275,banana
47366781,pear
47366803,banana
47366776,kiwi
47363273,kiwi
47366714,gooseberry
47366716,kiwi
47366802,gooseberry
47366717,apple
47366718,apple
47366700,banana
47366702,kiwi
47335271,banana
47335272,pear
47366703,gooseberry
47363205,kiwi
47335302,gooseberry
47335295,pear
47335273,gooseberry
47335274,apple
47335275,apple
47335294,pear
47335293,gooseberry
47335292,banana
47363214,banana
47363213,apple
47335303,apple
47335300,kiwi
47366698,kiwi
47366729,gooseberry
47335290,gooseberry
47335289,banana
47335299,banana
47335296,kiwi
47335297,banana
47335288,apple
47335287,banana
47335286,pear
47366807,pear
47363311,kiwi
47366798,pear
47363306,banana
47363304,apple
47370460,banana
47363309,kiwi
47366730,apple
47363229,gooseberry
47366801,gooseberry
47366731,kiwi
47366744,banana
47363224,kiwi
47370469,pear
47363322,pear
47363320,kiwi
47370465,apple
47366747,gooseberry
47366748,apple
47366722,kiwi
47363228,kiwi
47335257,banana
47335321,kiwi
47335312,pear
47335318,gooseberry
47335319,banana
47335307,pear
47335311,apple
47335308,kiwi
47335309,apple
47335306,pear
47335305,pear
47335304,gooseberry
47335243,apple
47335323,pear
47335317,apple
47335316,gooseberry
47335315,kiwi
47335314,gooseberry
47335278,apple
47335220,pear
47335281,kiwi
47335224,pear
47335219,banana
47335218,gooseberry
47335217,banana
47335221,gooseberry
47335222,banana
47335276,gooseberry
47335214,apple
47335291,pear
47335230,apple
47335229,banana
47335215,gooseberry
47335216,pear
47335228,banana
47335298,pear
47335232,pear
47335285,banana
47335227,apple
47335225,kiwi
47335231,apple
47335226,apple
47335310,pear
47335235,pear
47335234,banana
47335233,apple
47335313,pear
47335236,banana
47363110,gooseberry
47366991,banana
47366992,pear
47366984,gooseberry
47366993,kiwi
47366985,gooseberry
47366896,apple
47363121,pear
47363805,pear
47363804,pear
47363655,kiwi
47363832,apple
47369081,pear
47369080,apple
47369066,kiwi
47369083,apple
47369082,kiwi
47369070,kiwi
47369071,apple
47368813,apple
47363789,gooseberry
47363790,gooseberry
47369067,banana
47363123,gooseberry
47363125,pear
47363126,kiwi
47363654,gooseberry
47363652,gooseberry
47368990,gooseberry
47368838,banana
47363142,banana
47368829,pear
47368991,banana
47363647,gooseberry
47363635,banana
47368812,banana
47363664,kiwi
47369007,pear
47363603,pear
47363605,apple
47369033,pear
47369005,apple
47369004,gooseberry
47368985,apple
47363609,gooseberry
47363622,apple
47369022,gooseberry
47363857,kiwi
47369108,apple
47369110,apple
47363872,apple
47363839,gooseberry
47369109,kiwi
47369107,kiwi
47369106,pear
47368808,banana
47363843,banana
47363846,pear
47363847,banana
47363888,apple
47367007,apple
47363863,apple
47367004,kiwi
47363859,apple
47363858,apple
47363694,pear
47369041,apple
47363687,gooseberry
47366954,pear
47366953,pear
47369037,pear
47363686,gooseberry
47369032,banana
47350653,pear
47363680,gooseberry
47350658,pear
47350643,apple
47363703,apple
47363702,gooseberry
47369051,apple
47369049,gooseberry
47363700,pear
47350657,kiwi
47368826,gooseberry
47370484,kiwi
47370483,kiwi
47368973,banana
47370485,pear
47370486,banana
47363153,pear
47363155,gooseberry
47366746,pear
47366920,banana
47370487,kiwi
47366932,apple
47363591,kiwi
47366921,kiwi
47368984,pear
47368975,pear
47363638,pear
47368988,pear
47369019,kiwi
47369020,pear
47366668,kiwi
47366925,gooseberry
47366938,banana
47363582,gooseberry
47369021,kiwi
47363586,pear
47363584,banana
47366924,banana
47335242,banana
47335265,gooseberry
47335266,apple
47366927,pear
47335340,apple
47335267,pear
47335268,gooseberry
47335335,apple
47335333,gooseberry
47335334,kiwi
47335245,banana
47335338,pear
47335329,banana
47335330,pear
47335337,gooseberry
47335336,apple
47335331,pear
47335332,gooseberry
47363671,banana
47363670,banana
47363669,pear
47350644,gooseberry
47350645,pear
47350646,pear
47350647,pear
47363665,banana
47350638,banana
47363601,banana
47350597,pear
47350631,apple
47350632,pear
47350633,pear
47350656,gooseberry
47350648,kiwi
47350655,gooseberry
47350654,pear
47350641,gooseberry
47350640,banana
47350634,banana
47366940,kiwi
47335349,apple
47335344,gooseberry
47335347,gooseberry
47335342,kiwi
47335343,gooseberry
47335341,pear
47335350,banana
47335351,banana
47335346,pear
47335345,kiwi
47363754,apple
47363755,apple
47367107,kiwi
47367095,pear
47367104,apple
47367106,gooseberry
47367000,pear
47367002,gooseberry
47363572,pear
47364026,pear
47364024,pear
47364025,banana
47367093,pear
47364039,kiwi
47364041,kiwi
47350605,gooseberry
47350604,gooseberry
47350603,kiwi
47367111,pear
47367112,apple
47363740,apple
47364011,kiwi
47367142,banana
47364013,pear
47366957,gooseberry
47363576,gooseberry
47363577,pear
47363721,banana
47363725,banana
47363711,pear
47369048,kiwi
47350620,apple
47350621,pear
47363713,gooseberry
47350699,banana
47350694,apple
47363738,kiwi
47363741,gooseberry
47363736,pear
47350600,gooseberry
47363747,pear
47363737,kiwi
47363731,apple
47350615,apple
47350697,kiwi
47350682,kiwi
47350688,kiwi
47350687,gooseberry
47350741,gooseberry
47350749,pear
47350750,pear
47350740,apple
47350746,pear
47350745,gooseberry
47350747,apple
47350748,banana
47350618,banana
47350744,kiwi
47350743,apple
47350617,gooseberry
47350742,gooseberry
47350754,apple
47350753,apple
47350752,pear
47350751,apple
47350619,gooseberry
47350731,apple
47350732,pear
47350720,apple
47350726,banana
47350725,apple
47350724,banana
47350727,banana
47350728,banana
47350713,pear
47350723,gooseberry
47350722,banana
47350709,kiwi
47350736,banana
47350735,kiwi
47350721,kiwi
47350733,pear
47350734,pear
47350717,banana
47350622,kiwi
47350623,gooseberry
47350624,gooseberry
47350625,gooseberry
47350693,banana
47350689,banana
47350692,gooseberry
47350691,apple
47350626,banana
47350627,gooseberry
47350628,gooseberry
47350666,kiwi
47350665,banana
47350663,apple
47350698,pear
47350690,banana
47350695,banana
47350696,pear
47350686,apple
47350685,gooseberry
47350684,kiwi
47350683,banana
47350667,kiwi
47350664,gooseberry
47350662,pear
47350661,gooseberry
47350660,banana
47335248,kiwi
47335325,pear
47335326,banana
47335250,pear
47335354,pear
47335327,apple
47335255,pear
47335353,kiwi
47350714,apple
47350704,gooseberry
47350711,gooseberry
47350712,kiwi
47350708,apple
47350707,gooseberry
47350706,pear
47350705,banana
47350674,pear
47350675,pear
47350668,pear
47350672,pear
47350671,pear
47350670,gooseberry
47350718,kiwi
47350710,banana
47350715,kiwi
47350716,apple
47350677,banana
47350673,apple
47352497,banana
47350669,apple
47350676,apple
363497752,gooseberry
237816189,pear
26047019,kiwi
47358045,banana
47358044,gooseberry
47335520,pear
47358042,pear
131487805,kiwi
47335361,pear
47355946,pear
47335360,gooseberry
47358986,gooseberry
47358985,pear
4582978,apple
24516,gooseberry
26041973,gooseberry
25945203,apple
47335240,banana
47363090,gooseberry
47370099,pear
47369930,kiwi
47369918,kiwi
47365321,gooseberry
47335517,apple
47365395,gooseberry
47365399,pear
47335367,pear
47365412,pear
47365408,gooseberry
47365311,pear
47365310,apple
47370102,banana
47370049,banana
47369919,apple
47363076,banana
47370023,apple
47370037,apple
47365313,kiwi
47369826,pear
47367609,apple
47367610,gooseberry
47370007,banana
47365290,gooseberry
47367608,kiwi
47370038,banana
47365304,kiwi
47370048,pear
47370039,gooseberry
47365323,pear
47365278,pear
47367594,apple
47365272,apple
47365322,pear
47370020,pear
47370021,kiwi
47365428,apple
47370116,pear
47370126,gooseberry
47365378,pear
47365380,kiwi
47370125,gooseberry
47365413,pear
47365370,pear
47370128,pear
47370127,apple
47370122,kiwi
47365429,apple
47365390,apple
47365382,gooseberry
47370068,kiwi
47365368,gooseberry
47370067,pear
47370082,banana
47365377,apple
47370053,apple
47370052,banana
47365361,apple
47365338,pear
47365336,gooseberry
47370086,gooseberry
47365386,apple
47370083,banana
47365383,kiwi
47370064,kiwi
47365359,apple
47367462,pear
47363089,apple
47367184,apple
47367526,gooseberry
47367598,banana
47367601,pear
47367475,apple
47363105,kiwi
47367527,gooseberry
47367520,pear
47367440,pear
47365147,banana
47365141,kiwi
47365143,banana
47367595,apple
47367611,apple
47365139,gooseberry
47367542,banana
47365293,pear
47365294,kiwi
47365295,gooseberry
47367543,pear
47365159,kiwi
47367536,pear
47365152,apple
47365164,banana
47367538,gooseberry
47365156,banana
47363095,gooseberry
47363093,banana
47367425,pear
47365124,gooseberry
47367508,banana
47365125,pear
47336609,kiwi
47336638,kiwi
47336637,banana
47367505,apple
47337020,pear
47336940,apple
47367501,gooseberry
47367516,apple
47365127,banana
47365157,gooseberry
47365133,pear
47336935,pear
47337022,pear
47337024,gooseberry
47336941,apple
47337025,pear
47337027,pear
47336943,banana
47370050,apple
47367621,banana
47365346,apple
47367562,gooseberry
47370051,kiwi
47365339,pear
47365341,apple
47367577,gooseberry
47367563,apple
47365203,banana
47365205,banana
47367576,apple
47367560,kiwi
47367561,pear
47365352,pear
47365355,pear
47365353,pear
47367578,apple
47367579,banana
47365218,gooseberry
47365216,pear
47365201,gooseberry
47367550,pear
47336934,banana
47367493,gooseberry
47365168,gooseberry
47369976,banana
47365174,kiwi
47365175,apple
47336946,kiwi
47365172,pear
47365173,apple
47369931,gooseberry
47367495,gooseberry
47365188,apple
47369977,kiwi
47365184,pear
47365183,kiwi
47369964,banana
47365260,kiwi
47365258,apple
47355550,kiwi
47370153,kiwi
47365446,kiwi
47370120,gooseberry
47369991,banana
47370143,banana
47365447,pear
47355203,kiwi
47358063,kiwi
47358062,gooseberry
47358060,apple
47355666,pear
47355667,gooseberry
47358057,gooseberry
47358059,gooseberry
47355652,banana
47355579,banana
47358058,banana
47355665,gooseberry
47357981,pear
47370142,apple
47370081,banana
47370136,banana
47370141,pear
47355201,gooseberry
47365442,apple
47365233,gooseberry
47370006,pear
47370132,gooseberry
47355207,banana
47367629,gooseberry
47365440,apple
47355576,apple
47357967,gooseberry
47357979,pear
47357980,kiwi
47357977,gooseberry
47357966,gooseberry
47357964,apple
47357950,apple
47357965,pear
47357961,pear
47357960,kiwi
47355682,apple
47355680,apple
47355669,kiwi
47358075,kiwi
47355640,banana
47358027,apple
47358081,gooseberry
47355675,kiwi
47358025,banana
47358084,apple
47358086,kiwi
47355683,banana
47355646,pear
47355648,apple
47355636,gooseberry
47358019,kiwi
47358017,kiwi
47358040,kiwi
47355628,pear
47358015,pear
47357998,pear
47357999,apple
47357996,pear
47357934,banana
47358013,pear
47355597,kiwi
47355649,pear
47355641,gooseberry
47355644,kiwi
47355645,apple
47358014,kiwi
47358009,pear
47367628,apple
47365261,apple
47365091,gooseberry
47365093,banana
47357948,kiwi
47357946,kiwi
47357834,gooseberry
47357835,banana
47357024,gooseberry
47357025,banana
47357026,banana
47357836,banana
47357832,banana
47357833,pear
47357944,pear
47355560,apple
47355561,pear
47357839,kiwi
47355563,kiwi
47355565,apple
47357558,pear
47355475,gooseberry
47357840,banana
47357850,kiwi
47357848,apple
47357854,gooseberry
47355477,pear
47355479,pear
47357027,apple
47365089,pear
47365088,gooseberry
47355217,banana
47355218,pear
47355219,apple
47369987,kiwi
47369988,gooseberry
47369934,apple
47357797,kiwi
47357798,banana
47357799,pear
47355490,pear
47357823,apple
47357821,pear
47357785,banana
47355471,kiwi
47355473,kiwi
47357815,gooseberry
47357814,pear
47355388,pear
47355463,kiwi
47355460,pear
47355462,apple
47357992,gooseberry
47357993,gooseberry
47357559,pear
47357901,banana
47355599,apple
47358007,gooseberry
47357556,apple
47357917,gooseberry
47357902,apple
47355534,apple
47355531,pear
47357916,banana
47355526,banana
47355528,apple
47355615,kiwi
47355614,banana
47355612,banana
47355546,gooseberry
47355544,pear
47357904,gooseberry
47357903,apple
47355530,banana
47357869,gooseberry
47355509,pear
47355529,kiwi
47355492,gooseberry
47357883,banana
47357865,pear
47357864,apple
47355505,apple
47357867,gooseberry
47357868,gooseberry
47355424,apple
47357792,kiwi
47357885,banana
47357886,apple
47357880,banana
47355511,gooseberry
47357592,kiwi
47336635,apple
47336630,gooseberry
47336628,banana
47336980,banana
47336981,banana
47336977,pear
47336626,gooseberry
47336625,pear
47336624,banana
47336978,apple
47336952,apple
47336963,kiwi
47336992,banana
47336990,kiwi
47336986,kiwi
47336995,banana
47336993,apple
47336988,pear
47336983,pear
47336956,banana
47336975,gooseberry
47336985,pear
47336958,apple
47336976,pear
47336622,apple
47336621,kiwi
47336619,kiwi
47336968,gooseberry
47336960,gooseberry
47336961,pear
47336617,kiwi
47336616,kiwi
47336614,banana
47336888,pear
47336890,apple
47336902,gooseberry
47336973,banana
47336971,kiwi
47336912,pear
47336954,pear
47336949,banana
47350953,gooseberry
47336883,banana
47350944,pear
47350943,gooseberry
47350789,banana
47350942,banana
47350941,apple
47337015,banana
47337014,pear
47337009,apple
47365110,pear
47365109,pear
47365108,apple
47337007,pear
47336959,banana
47337003,apple
47337004,gooseberry
47336950,apple
47337000,apple
47369961,apple
47369960,kiwi
47369952,apple
47369953,pear
47365105,pear
47369945,gooseberry
47337001,gooseberry
47336885,pear
47350952,gooseberry
47336929,kiwi
47336887,banana
47357611,banana
47350787,kiwi
47357188,banana
47357184,gooseberry
47357598,pear
47357190,kiwi
47357191,kiwi
47369944,gooseberry
47357540,pear
47357609,pear
47357045,gooseberry
47357207,banana
47357205,gooseberry
47336640,pear
47336642,pear
47336610,pear
47336901,banana
47336896,banana
47336897,kiwi
47350567,gooseberry
47350566,kiwi
47350565,pear
47350927,apple
47350928,kiwi
47350925,kiwi
47350940,gooseberry
47350939,pear
47350922,gooseberry
47357082,kiwi
47350938,gooseberry
47357084,gooseberry
47350936,gooseberry
47350935,gooseberry
47350924,apple
47357085,kiwi
47357086,gooseberry
47357087,apple
47350564,banana
47350563,pear
47350588,gooseberry
47350926,pear
47350885,apple
47350905,banana
47350587,gooseberry
47350586,banana
47350585,apple
47350904,kiwi
47350903,gooseberry
47350902,apple
47350932,pear
47350931,pear
47350912,gooseberry
47357118,apple
47350799,kiwi
47350800,pear
47350913,banana
47350908,kiwi
47350909,kiwi
47350884,kiwi
47350802,pear
47350803,gooseberry
47357177,kiwi
47357176,banana
47357091,apple
47357201,apple
47357163,banana
47357161,apple
47357129,kiwi
47357131,apple
47357117,kiwi
47357097,pear
47357101,gooseberry
47357103,pear
47357203,pear
47357197,kiwi
47357155,kiwi
47357147,banana
47357150,kiwi
47357112,banana
47357116,banana
47357119,banana
47352848,pear
47357122,gooseberry
47352788,kiwi
47352838,pear
47352850,kiwi
47352839,kiwi
47352843,apple
47352837,kiwi
47352835,apple
47352833,gooseberry
47357144,gooseberry
47357139,pear
47352855,banana
47352856,kiwi
47352851,apple
47352852,pear
47369984,pear
47369963,kiwi
47369982,banana
47357688,gooseberry
47357684,pear
47357678,apple
47369983,pear
47369979,apple
47369946,apple
47357676,pear
47357677,banana
47357647,banana
47355386,apple
47355384,banana
47357696,gooseberry
47355390,banana
47355392,pear
47357698,gooseberry
47357692,banana
47357693,pear
47357668,gooseberry
47357697,apple
47355371,banana
47357672,pear
47369947,banana
47357579,kiwi
47357582,kiwi
47357645,apple
47357639,kiwi
47357631,apple
47357043,apple
47357216,apple
47357217,apple
47357041,gooseberry
47357307,pear
47357317,kiwi
47357662,banana
47357658,kiwi
47357654,gooseberry
47355373,gooseberry
47357716,banana
47355375,apple
47357040,apple
47357325,kiwi
47357332,gooseberry
47357219,banana
47357220,kiwi
47357222,kiwi
47355440,kiwi
47355441,kiwi
47357744,apple
47355425,banana
47355427,apple
47355429,apple
47357746,pear
47355413,gooseberry
47355411,apple
47355431,banana
47355394,pear
47355395,apple
47357781,gooseberry
47357776,kiwi
47357765,kiwi
47355445,pear
47355444,banana
47357734,apple
47355410,apple
47357715,banana
47355406,banana
47355398,kiwi
47357713,pear
47357712,apple
47357046,gooseberry
47357435,apple
47357434,apple
47357047,kiwi
47355233,pear
47357404,apple
47357735,pear
47357728,apple
47355415,apple
47355235,apple
47357459,kiwi
47357456,banana
47357204,gooseberry
47357066,gooseberry
47357068,pear
47357301,gooseberry
47357299,gooseberry
47357298,apple
47357160,kiwi
47357270,kiwi
47357250,pear
47357267,banana
47357265,kiwi
47357248,kiwi
47357296,gooseberry
47357324,gooseberry
47357239,kiwi
47357223,pear
47357323,pear
47357238,apple
47357282,kiwi
47357286,kiwi
47357284,pear
47357287,banana
47357237,kiwi
47357235,apple
47357146,apple
47357071,kiwi
47352498,pear
47357253,banana
47357251,banana
47352789,pear
47352785,banana
47352782,apple
47352780,apple
47352947,gooseberry
47352949,apple
47352944,banana
47357273,banana
47353080,kiwi
47352954,kiwi
47357355,banana
47353081,apple
47352877,gooseberry
47352956,pear
47352953,gooseberry
47352951,apple
47352876,gooseberry
47352880,banana
47352879,kiwi
47357419,banana
47357418,pear
47357416,banana
47357402,pear
47357400,kiwi
47357450,pear
47357368,kiwi
47357370,gooseberry
47357354,apple
47357341,gooseberry
47357340,banana
47357337,banana
47357438,gooseberry
47357440,banana
47357442,banana
47357385,banana
47357387,pear
47357373,gooseberry
47357358,kiwi
47353753,pear
47353061,pear
47357359,kiwi
47353083,kiwi
47353054,kiwi
47353064,banana
47353065,gooseberry
47353058,pear
47353051,banana
47353050,gooseberry
47353048,pear
47357374,gooseberry
47353755,banana
47353075,banana
47353073,apple
47353069,pear
47335518,apple
47358355,banana
47358402,kiwi
47355900,kiwi
47358448,gooseberry
47358449,banana
47355965,kiwi
47355960,apple
47358419,banana
47355961,gooseberry
47355964,banana
47358417,gooseberry
47358405,gooseberry
47358028,pear
47358029,gooseberry
47355903,apple
47355898,banana
47355295,apple
47355293,banana
47355292,apple
47355870,apple
47355871,kiwi
47358380,apple
47355868,kiwi
47355892,apple
47355886,kiwi
47355914,apple
47358410,kiwi
47358408,apple
47358365,apple
47355864,apple
47358374,pear
47358359,gooseberry
47358389,pear
47358388,gooseberry
47358385,apple
47355966,gooseberry
47355967,banana
47335057,banana
47355939,kiwi
47358439,apple
47358436,gooseberry
47335084,gooseberry
47335088,pear
47355931,kiwi
47355929,pear
47358421,gooseberry
47335090,pear
47358432,gooseberry
47358433,kiwi
47355918,gooseberry
47355934,kiwi
47358776,kiwi
47355337,kiwi
47355338,gooseberry
47357552,banana
47358300,banana
47358372,kiwi
47355866,apple
47358302,banana
47358298,apple
47355327,banana
47355326,banana
47355800,gooseberry
47355791,banana
47358296,apple
47358375,pear
47355855,banana
47355789,apple
47358384,banana
47357541,gooseberry
47358319,pear
47359346,gooseberry
47355785,gooseberry
47358316,pear
47358318,kiwi
47358313,banana
47358312,apple
47358255,kiwi
47357557,gooseberry
47358269,apple
47355766,banana
47355767,kiwi
47358271,banana
47357881,kiwi
47357882,kiwi
47357594,apple
47358264,apple
47355764,kiwi
47355765,banana
47358260,banana
47358275,kiwi
47358287,banana
47358252,banana
47358286,pear
47358283,pear
47358282,gooseberry
47358101,kiwi
47355772,apple
47358280,apple
47355732,apple
47358423,apple
47357543,apple
47358777,banana
47355833,pear
47358342,banana
47358340,kiwi
47358253,banana
47355838,apple
47355835,apple
47355854,gooseberry
47355853,apple
47355852,gooseberry
47357538,gooseberry
47358328,apple
47355834,kiwi
47355818,apple
47358330,pear
47355823,pear
47358332,apple
47335141,apple
47355832,banana
47358096,banana
47358335,apple
47335146,gooseberry
217115410,pear
47335526,kiwi
47335577,gooseberry
47335535,apple
47358163,banana
47358162,pear
47355352,banana
47358165,apple
47358161,kiwi
47355696,pear
47357762,apple
47357617,gooseberry
47357730,kiwi
47358153,apple
47358152,kiwi
47355707,banana
47355729,banana
47358146,kiwi
47358160,gooseberry
47355733,gooseberry
47358182,pear
47358178,banana
47358180,apple
47358103,apple
47358139,apple
47358179,banana
47358145,gooseberry
47358144,kiwi
47357731,pear
47358119,apple
47358117,banana
47355705,pear
47355702,apple
47358118,gooseberry
47358115,banana
47357510,gooseberry
47357458,pear
47355699,gooseberry
47357506,kiwi
47357508,banana
47358135,pear
47358129,apple
47358124,pear
47358142,pear
47358134,apple
47355716,pear
47355712,banana
47355277,apple
47355278,pear
47358131,kiwi
47357526,kiwi
47357524,apple
47358238,apple
47358237,banana
47358223,banana
47358236,banana
47358235,pear
47358220,pear
47358230,kiwi
47358222,pear
47355746,kiwi
47358218,pear
47358193,gooseberry
47358202,pear
47335093,banana
47335077,apple
47335138,banana
47335540,banana
47335567,pear
47355744,gooseberry
47358199,apple
47358195,kiwi
47358214,banana
47355735,apple
47335105,apple
47358194,kiwi
47357536,kiwi
47357537,gooseberry
47335542,gooseberry
47335444,banana
47335441,apple
47335562,banana
47335561,apple
47335548,kiwi
47335552,pear
47335457,apple
47335456,gooseberry
47357497,kiwi
47357447,kiwi
47357499,gooseberry
47357495,pear
47357504,pear
47355258,pear
47357476,banana
47357475,kiwi
47355223,apple
47357477,apple
47357478,pear
47355242,banana
47355279,gooseberry
47355268,apple
47355269,gooseberry
47357493,pear
47357511,pear
47357463,banana
47357488,banana
47355249,kiwi
47355250,kiwi
47357491,apple
47357489,banana
47355251,banana
47357472,gooseberry
47355221,kiwi
47352545,kiwi
47357473,banana
47355238,pear
47353200,banana
47352542,banana
47353055,kiwi
47353186,apple
47353202,banana
47353195,apple
47352531,apple
47353263,pear
47353220,apple
47353258,gooseberry
47353262,gooseberry
47353228,kiwi
47353214,kiwi
47353207,kiwi
47353206,gooseberry
47353224,kiwi
47353125,pear
47335442,banana
47355288,kiwi
47335180,pear
47335445,gooseberry
47335446,apple
47335447,banana
47335182,kiwi
47335435,gooseberry
47357527,gooseberry
47335428,banana
47335429,gooseberry
47335424,banana
47335443,gooseberry
47335454,apple
47335453,pear
47335440,banana
47335439,apple
47335427,gooseberry
47352501,pear
47335189,apple
47353256,pear
47335430,gooseberry
47335426,banana
47335408,apple
47335193,kiwi
47353245,kiwi
47335414,gooseberry
47335409,apple
47335438,apple
47335437,gooseberry
47335420,kiwi
47335419,pear
47335404,gooseberry
47335415,apple
47335592,pear
47335595,apple
47335571,banana
47335593,kiwi
47335533,kiwi
47335536,gooseberry
47335596,banana
47358333,banana
47355885,gooseberry
47335525,kiwi
47335386,banana
47335579,banana
47355935,pear
47335578,banana
47335590,kiwi
47335508,kiwi
47335496,apple
47335505,pear
47335504,pear
47335507,kiwi
47335506,apple
47335488,banana
47335489,banana
47335490,gooseberry
47335503,pear
47335502,pear
47335497,pear
47335491,kiwi
47335492,banana
47335493,kiwi
47335387,pear
47335388,banana
47335389,apple
47335498,gooseberry
47335499,kiwi
47335472,gooseberry
47335383,kiwi
47335384,pear
47335385,banana
47335458,apple
166709626,apple
47335470,kiwi
47335501,banana
47335500,gooseberry
47335473,gooseberry
47335494,banana
47335495,kiwi
166709627,gooseberry
166709624,apple
47335513,kiwi
47335514,gooseberry
47335510,banana
47335512,banana
47335487,gooseberry
47335509,banana
47335486,kiwi
47335483,pear
47335485,gooseberry
47335482,kiwi
47363288,banana
47335481,pear
47350568,pear
47350569,banana
47350570,apple
47350888,apple
47350893,apple
47350892,apple
47350571,banana
47350572,banana
47350573,kiwi
47350891,banana
47350890,banana
47350818,banana
47350889,pear
47350900,pear
47350901,pear
47350804,gooseberry
47350898,apple
47350806,apple
47350896,banana
47350897,pear
47350819,kiwi
47350807,pear
47352790,banana
47350817,pear
47350574,apple
47350575,banana
47350576,gooseberry
47350854,apple
47350853,kiwi
47350849,gooseberry
47350577,banana
47350584,kiwi
47350583,pear
47350851,gooseberry
47350852,pear
47350842,kiwi
47350860,gooseberry
47350859,gooseberry
47350850,kiwi
47350880,apple
47350881,apple
47352565,apple
47350855,apple
47350856,kiwi
47350846,gooseberry
47350839,banana
47350838,kiwi
47350837,apple
47350836,kiwi
47352815,gooseberry
47352512,apple
47352819,gooseberry
47352831,pear
47352807,kiwi
47352806,banana
47352812,pear
47352814,kiwi
47352595,banana
47352804,banana
47352802,apple
47352800,gooseberry
47352854,apple
47352826,pear
47352828,apple
47352820,kiwi
47352822,banana
47352823,gooseberry
47352592,gooseberry
47352591,pear
47352589,banana
47352587,banana
47352585,gooseberry
47352586,gooseberry
47350878,gooseberry
47350879,pear
47350869,banana
47350870,apple
47350883,banana
47350882,banana
47350867,apple
47350822,pear
47352605,gooseberry
47352603,apple
47352601,kiwi
47352598,kiwi
47352596,pear
47352579,pear
47352577,gooseberry
47350581,banana
47350580,apple
47350579,banana
47350843,banana
47350840,pear
47350841,kiwi
47350578,gooseberry
47335055,banana
47350829,pear
47352564,kiwi
47352563,gooseberry
47350847,gooseberry
47350844,gooseberry
47350835,gooseberry
47350834,banana
47350827,gooseberry
47350828,pear
47350824,banana
47350866,kiwi
47350821,kiwi
47350831,apple
47350820,apple
47350865,apple
47352573,kiwi
47352572,apple
47352574,gooseberry
47352778,pear
47352776,gooseberry
47352774,pear
47352945,banana
47352915,banana
47352914,kiwi
47352772,apple
47352787,pear
47352769,apple
47352897,banana
47352903,banana
47352899,kiwi
47352884,gooseberry
47352933,gooseberry
47352929,pear
47352888,pear
47352871,pear
47353004,pear
47352930,banana
47352919,pear
47352922,apple
47352898,pear
47352928,gooseberry
47352983,gooseberry
47352550,apple
47352552,gooseberry
47352554,pear
47352664,banana
47352660,banana
47352648,apple
47352556,gooseberry
47352558,apple
47352561,apple
47352655,gooseberry
47352653,apple
47352627,kiwi
47335363,banana
47352686,kiwi
47352684,gooseberry
47352681,gooseberry
47352687,apple
47352619,pear
47352618,kiwi
47352668,apple
47352669,pear
47352634,banana
47352633,banana
47352671,gooseberry
47352729,kiwi
47352635,kiwi
47352637,kiwi
47352997,pear
47353007,gooseberry
47352990,gooseberry
47352892,banana
47352968,gooseberry
47352972,apple
47352988,apple
47352987,gooseberry
47352974,apple
47352989,banana
47352986,gooseberry
47353035,apple
47353022,pear
47353021,kiwi
47352739,apple
47352738,banana
47352715,kiwi
47352736,kiwi
47352705,banana
47352704,pear
47352720,gooseberry
47352695,gooseberry
47352696,banana
47352754,apple
47352699,banana
47335357,kiwi
47352759,gooseberry
47352758,kiwi
47352746,kiwi
47352753,kiwi
47352698,apple
47352547,apple
47352562,banana
47352625,kiwi
47352607,apple
47352529,apple
47353152,pear
47353153,banana
47352969,kiwi
47353142,apple
47353170,pear
47353168,apple
47353122,banana
47353123,apple
47353155,banana
47353231,gooseberry
47353111,pear
47353108,apple
47352518,banana
47353106,kiwi
47353104,gooseberry
47353095,kiwi
47352516,kiwi
47335362,kiwi
47353092,gooseberry
47353090,kiwi
47353085,banana
217115408,banana
47353109,pear
47353244,pear
47353241,gooseberry
47335392,pear
47335393,gooseberry
47353236,pear
47335208,apple
47335396,kiwi
47335394,banana
47335395,apple
47335417,kiwi
47335402,apple
47335403,apple
47335390,banana
47335400,kiwi
47335213,kiwi
47335377,apple
47335379,pear
47335375,kiwi
47335382,gooseberry
47335381,banana
47335469,gooseberry
217115407,kiwi
217115409,pear
47335380,apple
217115411,gooseberry
47335464,banana
47335465,pear
47335467,gooseberry
47335459,pear
47335460,kiwi
47335466,gooseberry
47335461,gooseberry
47335462,gooseberry
47335463,pear
47335374,apple
47376241,kiwi
47335373,banana
47335484,pear
47335479,apple
47335474,apple
47335477,banana
47335478,apple
47335475,kiwi
47335476,apple
47335480,apple
327730121,banana
327730122,banana
43350524,gooseberry
194983927,kiwi
26741679,gooseberry
288927607,pear
288927606,kiwi
551686118,kiwi
32359422,pear
392450848,gooseberry
47423543,banana
32359420,pear
551686115,gooseberry
38367042,gooseberry
38367112,kiwi
22989483,pear
43375260,apple
150625182,kiwi
392450847,banana
219818932,apple
551686117,gooseberry
217521257,banana
43375258,apple
14582098,gooseberry
24045417,apple
417537172,kiwi
32359423,kiwi
43238686,gooseberry
43235461,apple
32359419,banana
218318182,gooseberry
218318189,apple
217516075,banana
14582095,apple
219818935,pear
380104430,gooseberry
380104431,kiwi
2615821,kiwi
105733638,pear
105734026,pear
312212679,apple
312212678,banana
1505140,gooseberry
105350636,gooseberry
105350642,pear
32359651,banana
195092595,pear
229236493,pear
3073589,banana
102385,apple
25945200,pear
2625456,kiwi
327751280,banana
327751279,banana
327751278,kiwi
327751281,banana
327751277,banana
217516074,apple
47423334,apple
503373675,gooseberry
194066303,gooseberry
3626622,gooseberry
143184476,kiwi
3544399,gooseberry
24034639,pear
24034716,apple
24034597,banana
305483393,gooseberry
305483400,pear
305483397,kiwi
143367746,pear
26444282,gooseberry
305425477,gooseberry
13649540,kiwi
218318191,pear
26490927,apple
26490926,apple
11688785,banana
104191071,gooseberry
105733650,apple
105734025,banana
105350639,kiwi
556233800,apple
105350638,kiwi
105350637,pear
184915,gooseberry
24246741,banana
2882039,kiwi
26050740,banana
229236494,kiwi
24246523,pear
24246511,pear
24516,kiwi
26041973,kiwi
25945203,pear
327730121,pear
327730122,apple
217516075,apple
380104430,gooseberry
380104431,pear
2615821,kiwi
105354589,kiwi
105354599,kiwi
105354601,apple
1505141,banana
105733909,banana
1505129,apple
105733627,pear
105733640,pear
105733616,apple
105733615,banana
105733655,pear
43452273,banana
327516759,banana
327516757,apple
327516766,kiwi
327516754,pear
72207358,pear
327516755,gooseberry
72207355,apple
72207368,kiwi
327516758,apple
339201190,pear
104991246,banana
339201189,apple
663143887,apple
104991245,apple
43015791,banana
505768572,pear
505765146,kiwi
23838786,apple
23838784,pear
23838780,apple
126128623,banana
272748506,pear
23838729,pear
23838723,apple
3361471,pear
48664686,gooseberry
23838741,pear
3361472,pear
105733638,banana
131621682,kiwi
105734026,gooseberry
312212679,pear
312212678,pear
1505140,apple
105733656,gooseberry
105354596,banana
105733912,kiwi
327517699,kiwi
105733907,kiwi
105350636,banana
105350642,kiwi
105350635,gooseberry
424840590,banana
105350634,banana
105350245,pear
424840593,kiwi
105350251,apple
424840592,pear
105354598,pear
105354592,gooseberry
1493982,apple
1493981,apple
105354427,banana
105354426,gooseberry
105354432,banana
1494043,apple
105354433,banana
105350248,kiwi
105350238,gooseberry
105350241,banana
105350244,pear
105350243,gooseberry
105350250,apple
105347640,kiwi
424840596,apple
424840594,pear
105347637,pear
424840591,kiwi
424840597,kiwi
424840588,kiwi
131611530,kiwi
32359651,kiwi
32360029,gooseberry
195092595,banana
32360030,kiwi
32359652,apple
223165859,gooseberry
31343451,banana
223165863,apple
32359482,pear
727277378,pear
105354135,gooseberry
1494044,pear
131515662,kiwi
422928030,kiwi
105354133,apple
105354131,gooseberry
131515670,pear
105354134,kiwi
422928027,banana
131515656,banana
422928034,apple
422928033,pear
422928026,gooseberry
1493976,pear
94453936,kiwi
104392614,banana
422928035,apple
105347635,pear
334300,kiwi
424840589,kiwi
131611529,kiwi
131611531,pear
105349136,banana
105349138,pear
6288426,banana
6288428,apple
422928031,banana
422928029,kiwi
422928028,gooseberry
43017010,kiwi
422928032,apple
422928036,gooseberry
6288425,kiwi
105347632,apple
105347629,banana
32399631,pear
424840587,apple
32359480,banana
424840595,pear
32399630,gooseberry
423857551,apple
423857549,pear
423857544,banana
423857546,pear
423862263,pear
26367512,apple
229265267,apple
26367513,banana
229265271,apple
229265270,apple
229265268,kiwi
26367527,banana
26367526,gooseberry
229265269,kiwi
26367523,banana
26367525,apple
26367514,pear
26367516,gooseberry
26367519,apple
26367518,banana
229236493,kiwi
3073589,apple
102385,pear
195071819,apple
229266527,apple
229266526,kiwi
26050734,gooseberry
195071818,banana
195071817,pear
26367508,apple
229265272,apple
26367510,apple
477890666,apple
3074075,banana
27200391,kiwi
105187864,apple
105187866,pear
304166,pear
312214135,kiwi
312214133,kiwi
3767130,kiwi
195071820,banana
273503357,kiwi
26443910,gooseberry
493933237,apple
26443911,pear
881527237,apple
105733654,apple
105733649,kiwi
105733634,banana
105733641,banana
43173921,kiwi
43088680,pear
316995472,pear
316995477,banana
43174192,pear
43173495,apple
833313812,gooseberry
423862265,kiwi
20144821,gooseberry
43185522,kiwi
423862262,apple
195168628,banana
20144872,apple
423862264,banana
43088667,banana
48295493,pear
423857554,kiwi
574155271,banana
32799077,banana
544367693,banana
327516761,apple
43088689,kiwi
711640738,apple
43088696,kiwi
327516756,banana
365316158,banana
43088813,banana
349277,pear
316995475,kiwi
43174768,kiwi
32898230,kiwi
43011066,kiwi
316995474,kiwi
43174774,gooseberry
574155266,apple
43011034,apple
235506733,apple
235506730,kiwi
235506732,banana
235506731,banana
235506728,gooseberry
3170250,banana
105187865,gooseberry
744493886,gooseberry
24247021,apple
48295759,gooseberry
32799078,banana
24247016,apple
24247065,kiwi
32898110,kiwi
1734778,apple
128441447,apple
26443912,kiwi
56179623,apple
56179620,apple
56179621,banana
56179619,kiwi
437140525,pear
56179624,banana
56179622,gooseberry
32699536,kiwi
284514064,apple
26443646,kiwi
217114826,banana
99493120,apple
555247159,gooseberry
99493122,gooseberry
184493,kiwi
672729145,pear
713134179,apple
32891040,apple
128441454,pear
128441446,kiwi
128441442,apple
128441444,gooseberry
235506734,gooseberry
235506729,kiwi
43010523,pear
43010524,gooseberry
43010315,apple
180594,apple
2625455,banana
24247607,pear
539706410,apple
539706408,pear
539706409,pear
37414732,kiwi
556467770,banana
37414692,banana
556467771,banana
25945200,banana
2625456,apple
304753611,kiwi
217120363,banana
26443498,banana
304785863,gooseberry
217120364,banana
24044854,apple
26443496,banana
330965619,apple
327959659,pear
26443495,apple
327959660,kiwi
327751280,apple
327751279,pear
47325318,pear
47325319,kiwi
330965615,kiwi
330968542,apple
39496455,gooseberry
39496407,banana
327969433,kiwi
327969432,gooseberry
330965612,gooseberry
367983114,gooseberry
367983107,apple
26443502,banana
26443503,kiwi
26443306,kiwi
26443500,gooseberry
367983103,apple
36996396,kiwi
392619657,banana
392619658,pear
392619653,pear
43233516,banana
367983110,gooseberry
39496398,kiwi
102383,gooseberry
418111618,pear
26443607,kiwi
418108904,banana
4642351,apple
418121710,apple
418121700,gooseberry
418121704,apple
418121701,pear
418121729,kiwi
418121708,apple
43250095,kiwi
32699537,kiwi
418111615,pear
32699540,banana
418111614,banana
418111616,kiwi
418111613,pear
32699539,pear
418111620,banana
418111617,banana
6214488,gooseberry
338765029,gooseberry
106423,banana
32699543,banana
418111619,apple
418111612,pear
327751278,pear
327751281,apple
327751277,banana
327751282,apple
217516074,kiwi
47423334,gooseberry
217516073,kiwi
32359418,apple
894932177,gooseberry
256938053,apple
494825366,gooseberry
503373675,pear
194066303,gooseberry
7970616,pear
7970617,apple
74152612,apple
74152566,kiwi
318562,banana
318563,apple
147237714,kiwi
518201438,gooseberry
39496531,pear
418099248,kiwi
418099246,kiwi
43350503,gooseberry
32699545,banana
26445039,gooseberry
418104660,gooseberry
418099245,pear
418099247,kiwi
32699544,pear
39496474,gooseberry
39496505,pear
39496476,kiwi
327756245,gooseberry
39496575,banana
47935786,pear
39496494,pear
32699535,pear
5886324,banana
392619656,pear
9446808,apple
5886330,kiwi
392619655,pear
5886327,apple
24044883,pear
555247156,gooseberry
44098899,kiwi
25945206,apple
43232372,banana
392619654,gooseberry
392619652,pear
294390575,banana
294390573,gooseberry
25945207,apple
6214790,gooseberry
418121726,pear
418121716,kiwi
6214789,banana
418121706,banana
418121702,gooseberry
418121727,gooseberry
418121719,pear
418121721,gooseberry
418121703,apple
418121712,kiwi
418121723,banana
418121725,gooseberry
36996307,pear
32699338,pear
418132470,kiwi
32699337,banana
418132469,banana
32699339,kiwi
418132476,banana
418132474,apple
418132477,apple
418132478,gooseberry
375935040,gooseberry
418132466,kiwi
418132475,apple
418132468,gooseberry
418132472,pear
43250087,kiwi
36996303,pear
418121718,kiwi
418121713,kiwi
36996306,pear
418121715,gooseberry
36996304,gooseberry
36996305,kiwi
418132471,kiwi
24247731,gooseberry
418132473,gooseberry
25945205,banana
25945407,banana
7944385,kiwi
556468296,kiwi
25945406,kiwi
25945210,pear
25945204,pear
294390569,apple
48818347,gooseberry
753490096,gooseberry
157099375,apple
157099368,kiwi
24247494,apple
157099369,pear
157099374,apple
157099372,banana
217515514,apple
157099367,gooseberry
25945410,kiwi
48818350,gooseberry
393392,pear
25945412,kiwi
553098020,pear
25945413,gooseberry
43346292,kiwi
217512230,banana
26445038,gooseberry
26445036,banana
418104662,gooseberry
418104663,banana
418104659,gooseberry
418104661,apple
26445037,banana
418104665,kiwi
418104664,apple
26445034,kiwi
418104658,banana
29936,pear
436013707,apple
539708922,gooseberry
539708921,pear
539708920,apple
436013709,kiwi
436013708,apple
436013706,kiwi
539708919,banana
42793508,kiwi
436013705,pear
418104666,gooseberry
418104667,gooseberry
26445033,pear
6214455,apple
42793544,banana
715362555,gooseberry
42793480,pear
32699241,gooseberry
418115041,banana
418115040,banana
418115042,banana
418115039,apple
265619205,apple
318560,pear
6214585,kiwi
32699243,gooseberry
418115036,gooseberry
32699240,gooseberry
32667815,kiwi
553098019,gooseberry
553098018,gooseberry
380240,gooseberry
863550800,banana
25945416,banana
25945417,kiwi
389101368,banana
43348386,kiwi
389101366,pear
25945418,apple
553098017,banana
43347597,kiwi
25945421,gooseberry
389101367,kiwi
25945420,banana
25945419,kiwi
25945415,apple
553098414,gooseberry
22505,gooseberry
557390133,pear
32667816,banana
557390126,gooseberry
557390132,gooseberry
557390130,banana
557390125,banana
557390124,gooseberry
557390127,apple
32667814,kiwi
318565,pear
557390129,banana
557390131,pear
32667813,apple
106083,gooseberry
557390128,kiwi
52086755,kiwi
43088780,banana
158844339,gooseberry
194073674,apple
43176627,apple
4211594,gooseberry
745393919,apple
745393916,gooseberry
745393920,pear
745393918,pear
745393917,banana
150634669,apple
235493631,apple
145276462,kiwi
47293194,apple
147699490,gooseberry
147699484,kiwi
131835792,gooseberry
170068362,banana
131835796,pear
131835793,gooseberry
131835794,kiwi
131835797,kiwi
104786906,banana
1734790,gooseberry
131835795,banana
127178490,apple
131783066,banana
194728666,gooseberry
51167558,pear
195397557,kiwi
1722769,banana
104786915,pear
104786910,gooseberry
313659704,gooseberry
194422265,kiwi
18578139,gooseberry
486200232,apple
235499466,pear
6647,apple
194728665,apple
194728663,pear
130777430,banana
24247420,banana
43011244,pear
24247456,banana
15976892,kiwi
131835798,banana
41671582,pear
104786916,apple
131765147,banana
131765142,apple
43007426,banana
121717655,kiwi
330840124,banana
304168,gooseberry
15971186,kiwi
24240381,kiwi
317728387,gooseberry
24247322,apple
4284350,gooseberry
43231186,kiwi
316997876,banana
556463966,kiwi
556463967,kiwi
243911441,apple
128565938,apple
128565939,banana
195397545,kiwi
133887411,kiwi
128565935,apple
170108656,banana
128565940,kiwi
170108655,kiwi
23838745,kiwi
313670733,apple
133885752,gooseberry
23838743,gooseberry
275008388,banana
377110613,pear
237314765,gooseberry
43015448,pear
237314767,gooseberry
23853092,kiwi
23853095,apple
23853097,gooseberry
170063224,pear
170063225,banana
1440589,gooseberry
23853110,apple
23853111,gooseberry
23853100,apple
237314766,apple
23853103,kiwi
23853107,apple
553630435,pear
42760691,kiwi
43014631,kiwi
217530887,banana
202156993,apple
424351835,pear
424351837,banana
170855133,kiwi
202156992,gooseberry
3619,gooseberry
15976890,banana
556463970,apple
556463969,kiwi
556463968,banana
706552911,kiwi
313670734,kiwi
3007958,pear
24247539,gooseberry
157099366,pear
217515515,pear
146594546,apple
28248222,banana
157099365,banana
217514105,apple
43250493,apple
28248337,apple
29982781,gooseberry
58608090,banana
29982783,apple
315255141,kiwi
315255195,gooseberry
315255170,kiwi
315255156,banana
315255199,pear
315255171,apple
38347804,banana
43250496,banana
315255198,pear
315255127,banana
4240425,apple
28248283,apple
315255144,kiwi
315255179,pear
315255129,banana
315255119,kiwi
315255130,banana
44098889,banana
315255184,kiwi
43250492,gooseberry
305610343,gooseberry
315255203,kiwi
36997010,pear
315255128,pear
315255125,banana
36997009,kiwi
146824852,kiwi
24247373,apple
529119820,gooseberry
279974415,banana
24247396,gooseberry
43250425,pear
315255166,kiwi
315255140,kiwi
315255181,gooseberry
315255180,banana
315255142,gooseberry
315255105,apple
412937020,gooseberry
24044937,banana
535532136,banana
454496575,banana
454496574,pear
454499842,kiwi
454500097,pear
43346189,apple
454500404,banana
315255133,kiwi
44098885,gooseberry
315255190,apple
315255176,gooseberry
315255185,gooseberry
315255131,apple
315255173,kiwi
315255117,kiwi
315255134,pear
315255116,kiwi
30444578,apple
305610346,pear
305610337,kiwi
305610342,pear
305610348,apple
305610345,apple
315255196,apple
305610344,gooseberry
43346215,kiwi
147065883,kiwi
121674885,apple
147065881,kiwi
293416530,pear
293416549,pear
293416531,banana
293416555,banana
293416532,kiwi
293416529,apple
293416553,gooseberry
315255167,gooseberry
305610339,apple
305610350,apple
305610349,banana
293416556,banana
293416551,kiwi
293416557,gooseberry
293416540,pear
293416552,banana
293416535,gooseberry
293416550,gooseberry
24481327,banana
43347270,apple
563114110,kiwi
22504,pear
24247759,gooseberry
36997007,pear
24247809,apple
592771683,banana
1988439,pear
288168250,gooseberry
24248036,gooseberry
288158545,banana
288168251,pear
48203247,apple
24248387,banana
48203262,banana
43012881,gooseberry
41953739,banana
280071,pear
24248043,banana
24247892,apple
315255118,apple
24481330,banana
24481331,apple
315255135,pear
4240424,banana
315255159,apple
315255151,gooseberry
24481352,gooseberry
24481325,pear
315255145,kiwi
147030009,gooseberry
866455746,pear
24248335,pear
315255202,apple
24248372,apple
24248331,gooseberry
315255154,banana
315255197,gooseberry
315255182,apple
349274,banana
706552913,banana
706552912,apple
145095631,kiwi
454500098,kiwi
38717520,kiwi
147065897,kiwi
147065882,gooseberry
147065886,pear
147065895,banana
147065894,apple
147065890,apple
147065884,banana
147065885,gooseberry
293416545,banana
147065893,pear
293416554,pear
147065888,gooseberry
147065892,apple
147065899,banana
147065887,banana
147065891,apple
41934408,pear
293416547,banana
293416548,pear
147065898,gooseberry
315255146,kiwi
315255157,gooseberry
315255143,gooseberry
315255155,gooseberry
315255193,pear
315255165,pear
315255161,kiwi
315255175,apple
57390,pear
23075450,gooseberry
409506037,banana
314299935,banana
23075454,apple
43156684,pear
43156682,pear
43215888,pear
23075477,pear
752909988,banana
752909987,banana
10374064,pear
271989099,pear
271989097,gooseberry
504447733,pear
315792001,pear
23075521,banana
477638177,apple
23075484,gooseberry
23075498,banana
23075495,gooseberry
315255169,pear
270043089,kiwi
24481351,pear
315255123,apple
315255174,pear
24481349,banana
315255188,banana
315255150,banana
315255178,gooseberry
24481350,kiwi
121674886,apple
315255160,kiwi
315255138,apple
315255201,pear
315255121,banana
315255200,kiwi
24481345,apple
315255158,gooseberry
315255139,gooseberry
315255147,apple
315255164,kiwi
315255126,gooseberry
315255132,banana
315255149,apple
315255152,kiwi
315255168,kiwi
315255153,apple
315255186,banana
315255191,pear
147030010,apple
315255172,kiwi
413715496,pear
315255137,pear
557705353,kiwi
4240428,kiwi
312744228,gooseberry
128396193,pear
312744223,kiwi
349275,kiwi
128396194,kiwi
556466007,gooseberry
24481323,kiwi
25945726,apple
4249092,pear
518236750,gooseberry
25946425,apple
166623557,kiwi
25946423,apple
556284873,kiwi
556284874,banana
24248141,kiwi
24248124,pear
43448670,banana
511109139,pear
25946424,apple
315255192,pear
315255187,apple
315255189,gooseberry
315255124,banana
315255120,gooseberry
315255136,banana
165756672,gooseberry
315255194,gooseberry
315255122,gooseberry
165756671,apple
11688785,pear
280070,banana
46096322,banana
46096306,kiwi
46096303,kiwi
32471331,pear
553102186,kiwi
553102187,gooseberry
553102185,kiwi
553102188,apple
106079,gooseberry
556283062,kiwi
24248450,banana
507343682,kiwi
315255183,banana
659121548,kiwi
750210645,kiwi
511109140,pear
777100230,pear
145185647,banana
1440588,banana
23853133,gooseberry
170855131,banana
506571883,banana
194079583,kiwi
494273605,kiwi
43101783,kiwi
315792002,kiwi
23075488,kiwi
194108686,kiwi
25946456,apple
750208106,apple
777100229,kiwi
193739985,apple
24034691,banana
26443475,pear
53103481,pear
51426643,banana
51426644,banana
217996839,kiwi
51426648,pear
379695878,banana
217996837,pear
34123260,gooseberry
34123254,apple
379738820,gooseberry
379695829,banana
34123108,gooseberry
340292937,pear
34160772,gooseberry
340292941,apple
690807410,pear
34160774,pear
380427147,gooseberry
124545300,banana
10398571,banana
147395274,banana
147395273,pear
380427045,banana
147395105,banana
147395098,apple
147395089,banana
147395108,gooseberry
340773779,banana
147395284,banana
147395278,apple
83470189,apple
145467830,banana
145467837,apple
28134,kiwi
3626485,banana
1290213,pear
13649548,pear
13655236,gooseberry
3221,gooseberry
191513716,pear
191513736,gooseberry
191513711,pear
191513720,banana
191513719,gooseberry
3285437,kiwi
191513735,gooseberry
191513730,kiwi
191513714,gooseberry
191513708,banana
191513725,banana
49679775,banana
11080117,gooseberry
22989483,pear
3626622,kiwi
143184476,banana
53770847,banana
263802976,banana
3544399,apple
24034639,banana
665961094,apple
7903504,gooseberry
263802973,kiwi
283858430,gooseberry
263802972,kiwi
263802978,pear
263802975,apple
263802970,apple
24034716,gooseberry
263802969,kiwi
1687694,banana
24045732,banana
24034597,apple
305483393,banana
305483400,gooseberry
305483397,apple
305483398,banana
305483391,kiwi
305483399,gooseberry
263802977,gooseberry
439694056,kiwi
21582,apple
33833697,gooseberry
26475746,apple
26475744,gooseberry
51426659,pear
379695858,banana
51426666,banana
234931513,gooseberry
234931512,kiwi
379695862,kiwi
379695842,pear
34123270,pear
34123273,kiwi
34123263,gooseberry
54360046,apple
51427719,banana
51427974,gooseberry
379695814,apple
379695852,gooseberry
51427773,kiwi
301109618,apple
379695817,kiwi
54360047,kiwi
51428122,pear
379695832,apple
379695834,banana
51428154,apple
340338187,gooseberry
51428052,gooseberry
51428074,apple
380427039,pear
380427022,pear
380427207,apple
62078045,banana
380427023,apple
380427034,kiwi
51428183,pear
51428282,banana
51428247,gooseberry
51428196,kiwi
62078034,banana
62078037,pear
380427087,pear
155446903,pear
62078030,gooseberry
380427084,apple
380427015,banana
380427155,gooseberry
380427014,gooseberry
380427010,pear
380427178,pear
234435310,gooseberry
3156082,kiwi
62078074,apple
62078082,pear
380427215,banana
561046475,apple
380427119,gooseberry
380427195,pear
380427140,banana
380427116,pear
380427197,pear
380427184,apple
380427020,gooseberry
124545301,apple
384782723,apple
124545298,banana
384782724,gooseberry
380427179,banana
124545297,gooseberry
62078046,banana
380427016,pear
62078059,banana
380427181,kiwi
380427175,kiwi
5665605,pear
380427131,gooseberry
753487148,gooseberry
380427191,pear
380427187,pear
380427030,kiwi
143367746,banana
3626233,pear
26444282,pear
22990276,banana
22990222,apple
25653303,pear
26444456,kiwi
26475743,apple
26475747,pear
26475745,pear
25652320,pear
305425477,banana
9261463,pear
666408550,pear
380427018,banana
380427216,apple
62078053,kiwi
380427001,kiwi
113559193,gooseberry
62078072,kiwi
439694059,banana
62078066,gooseberry
113552141,banana
380427064,kiwi
380427069,kiwi
380427074,kiwi
380427220,banana
439694055,pear
380427113,kiwi
380427121,gooseberry
380427117,pear
380427134,gooseberry
380427162,banana
113559195,apple
113559166,apple
380427173,gooseberry
113559173,apple
113559190,pear
51370078,apple
109567864,apple
113559172,apple
113559194,banana
113559184,pear
113559186,kiwi
113559192,apple
113559171,pear
380426999,apple
109567833,banana
109567859,gooseberry
109567834,gooseberry
51215864,pear
5665603,banana
109567844,gooseberry
51215862,apple
380427141,apple
380427171,apple
380427052,kiwi
51216042,kiwi
113559163,kiwi
380427125,gooseberry
109567835,apple
51215993,gooseberry
380427021,kiwi
380427047,gooseberry
380427137,banana
380427024,gooseberry
294937657,pear
109567865,banana
51215907,kiwi
380427192,banana
51370076,banana
114431800,apple
51370089,apple
51370088,pear
51370080,pear
51370079,apple
51370090,pear
51370095,banana
51370093,pear
109567861,pear
51370094,kiwi
439694060,gooseberry
439694058,apple
439694053,kiwi
227056013,apple
51370074,apple
227056014,apple
147397218,banana
227056015,banana
439694061,pear
419173,gooseberry
439694057,kiwi
113550816,kiwi
439694054,kiwi
71502488,apple
113550823,gooseberry
113550815,pear
35394678,kiwi
380427002,banana
35394669,pear
62078086,banana
380427145,apple
380427005,apple
62078057,kiwi
380427008,apple
380427028,kiwi
62078049,banana
380427218,pear
157983655,banana
380427177,apple
380427156,banana
157983647,gooseberry
62078078,pear
62078077,kiwi
62078070,banana
380427013,kiwi
155446902,kiwi
155446904,banana
319479602,apple
62078031,kiwi
319479603,apple
380427157,apple
380427102,apple
129129185,kiwi
380427035,kiwi
157983628,apple
380427062,banana
62078071,apple
62078060,apple
62078062,apple
380427004,pear
129129178,kiwi
380427078,gooseberry
129129180,apple
129129184,gooseberry
654756675,banana
327562121,kiwi
147395125,pear
327562117,banana
129129182,kiwi
380427151,banana
380427100,banana
380427027,apple
114431793,kiwi
380427213,pear
129129187,apple
129129177,gooseberry
380427139,kiwi
129129183,apple
380427059,kiwi
147396159,gooseberry
129129176,apple
380427076,kiwi
147396163,apple
380427055,apple
129129190,apple
380427012,kiwi
380427072,kiwi
380427006,apple
147395092,pear
129129179,apple
380427060,kiwi
327564334,pear
327562125,kiwi
380427041,gooseberry
121955304,pear
380568903,apple
380427038,apple
380427033,gooseberry
380427049,apple
62078065,pear
62078051,kiwi
114431801,gooseberry
380427217,pear
62078081,banana
62078084,apple
380427172,pear
380427154,kiwi
62078068,kiwi
380427111,apple
62078036,kiwi
62078032,banana
62078047,apple
157983610,gooseberry
380427163,gooseberry
380427017,pear
5665600,kiwi
62078048,pear
62078075,banana
380427019,kiwi
62078079,apple
380076389,gooseberry
62078044,banana
147396165,gooseberry
380427011,pear
380427211,banana
147396161,apple
147396162,kiwi
380427196,pear
380427219,banana
380427029,kiwi
380427037,banana
380427205,pear
147396158,kiwi
147396160,banana
62073774,apple
147396164,kiwi
62073775,pear
62073782,apple
380427036,kiwi
62073767,banana
62073781,kiwi
147395424,apple
327562122,apple
62073769,pear
62073772,banana
62073773,pear
62073770,pear
379688457,banana
380076397,kiwi
62078050,pear
380076380,kiwi
380076399,kiwi
147397215,apple
62073779,pear
146262828,gooseberry
62073768,gooseberry
379688429,pear
62073776,apple
62073771,kiwi
93139804,apple
379688443,apple
62073778,apple
93139800,kiwi
147395095,apple
147395109,gooseberry
147395099,apple
147395091,pear
147395110,kiwi
147395124,gooseberry
720920276,banana
720920277,kiwi
397821440,gooseberry
1990572,pear
327562124,gooseberry
327562123,gooseberry
327562120,kiwi
327562116,apple
147395421,pear
147395121,pear
327562126,apple
327562119,apple
147395420,pear
147395126,pear
59524704,banana
147395423,apple
327562118,kiwi
93495407,apple
720920279,banana
382360179,kiwi
720920278,kiwi
720920270,apple
194085218,banana
146268812,gooseberry
146268814,apple
146268818,pear
720920361,pear
146268807,banana
146268798,banana
146268823,kiwi
146268786,apple
146268799,kiwi
146268784,banana
114431799,banana
146268791,kiwi
146268801,apple
146268827,pear
146268816,apple
114431798,pear
114431796,apple
114431795,pear
114431792,gooseberry
367277622,gooseberry
146271580,apple
146271583,kiwi
367277634,banana
367277633,banana
367277624,apple
93140244,pear
146271597,apple
367277632,kiwi
367277623,apple
367277629,kiwi
146271577,apple
367277628,gooseberry
367277627,banana
146271590,kiwi
146271582,banana
146271598,apple
146271591,kiwi
367277631,apple
146271596,pear
146271588,apple
881073661,banana
146267602,gooseberry
146267608,banana
146267601,pear
146267616,apple
391385377,kiwi
391385374,gooseberry
114431797,banana
819582450,pear
146255292,kiwi
15699875,banana
146255289,gooseberry
382360178,apple
36908261,apple
382360176,banana
146255295,apple
146255305,banana
146255290,banana
146269567,pear
391385376,apple
391385375,banana
146269575,banana
146269582,kiwi
146269587,banana
146269583,kiwi
146269569,kiwi
146269564,pear
430331887,banana
146269578,gooseberry
146270028,apple
146270023,apple
146270024,pear
51215861,pear
380427180,pear
380076427,gooseberry
62078043,apple
62078054,banana
62078085,pear
62078064,kiwi
380076425,apple
380225240,banana
62078069,kiwi
380225249,apple
147397221,apple
380225238,banana
380225252,kiwi
147397234,pear
380225245,banana
62078038,banana
62078076,kiwi
380225237,kiwi
62078061,gooseberry
380076415,gooseberry
380076404,gooseberry
147397213,gooseberry
126855230,kiwi
380225256,banana
380076417,kiwi
380076403,apple
380225253,kiwi
147397220,kiwi
147397212,kiwi
380225250,pear
147397216,kiwi
380076413,pear
147397230,banana
380076396,kiwi
147397241,apple
380076400,apple
147397231,pear
380076406,apple
147397225,kiwi
380076422,banana
147397223,gooseberry
380225241,gooseberry
5660196,kiwi
147397236,gooseberry
380076408,gooseberry
147397233,apple
380427169,kiwi
126855237,pear
380427222,kiwi
380076410,kiwi
380076421,kiwi
380076426,banana
380076402,gooseberry
380076398,gooseberry
380225246,gooseberry
147397235,gooseberry
146262817,apple
146262823,apple
93139816,kiwi
146261356,kiwi
93139787,gooseberry
146262819,banana
146261353,gooseberry
379688447,gooseberry
93139796,kiwi
93139795,pear
379688450,apple
379688466,kiwi
93139808,kiwi
380225243,kiwi
147397237,banana
147397238,gooseberry
147397716,gooseberry
380427003,apple
147397719,kiwi
147397720,banana
147397721,gooseberry
380427043,apple
380427153,pear
147397717,banana
379688435,pear
379688438,banana
379688446,pear
379688470,pear
379688454,gooseberry
62360818,apple
93139807,kiwi
379688451,pear
379688449,apple
379688439,apple
120747506,pear
379688433,pear
379688440,apple
379688476,gooseberry
62186913,banana
379688441,gooseberry
62186914,kiwi
320111696,banana
379688467,apple
379688458,pear
245233276,apple
146261348,apple
379688456,gooseberry
379688430,pear
126855239,banana
126855238,kiwi
380427000,apple
147397228,gooseberry
380427160,kiwi
5665602,kiwi
148965348,apple
380427026,gooseberry
113550948,gooseberry
148965350,pear
295649666,pear
380427066,gooseberry
380427025,pear
126855235,banana
126855255,kiwi
62186533,banana
379688437,kiwi
239912144,apple
146261358,banana
93139789,gooseberry
379688469,gooseberry
245233274,pear
380427009,apple
268431190,banana
379688442,gooseberry
379688455,kiwi
379688479,gooseberry
191476058,pear
146258252,pear
146258233,pear
379688452,gooseberry
146261344,kiwi
146267615,banana
146267613,pear
367277630,banana
367277621,gooseberry
367277626,apple
146266724,gooseberry
146266733,gooseberry
146266735,kiwi
146266732,banana
146266723,apple
146266737,gooseberry
146266739,apple
146266731,gooseberry
146265531,gooseberry
146266727,kiwi
146265541,gooseberry
146263358,gooseberry
146263355,apple
93139793,banana
379688453,apple
93139783,kiwi
146258245,banana
146258254,banana
379688472,pear
146261352,pear
379688475,banana
379688463,gooseberry
379688434,pear
146258244,apple
146258276,kiwi
146258268,kiwi
146265532,gooseberry
146266728,kiwi
146266725,apple
146263356,gooseberry
146256571,pear
146263345,gooseberry
146256572,apple
295620933,pear
146270027,banana
146270013,apple
146270022,gooseberry
322860623,pear
146256559,kiwi
146256570,kiwi
31541909,gooseberry
146254909,pear
31541848,pear
31541844,apple
303027611,apple
31541831,gooseberry
303027617,kiwi
303027615,pear
146258260,apple
146258236,banana
379688477,pear
146258267,pear
146256565,banana
146256574,gooseberry
146256557,apple
379688473,apple
379688427,pear
379688462,kiwi
146258229,apple
146258246,banana
146258238,gooseberry
379688474,pear
379688445,pear
146258226,apple
146256553,gooseberry
146256568,pear
146256564,apple
146256554,pear
146258256,kiwi
146258270,banana
146258235,banana
146258263,banana
146258247,pear
146258262,pear
587177954,banana
587177953,kiwi
587177955,pear
146256551,banana
146256563,kiwi
146256556,apple
303027614,banana
31541816,pear
587174867,kiwi
587174870,apple
303027616,kiwi
587174889,kiwi
587174872,pear
238796541,kiwi
587177965,gooseberry
587177951,kiwi
587177952,banana
587177949,kiwi
587177964,banana
587177963,banana
587177959,apple
587177960,banana
587177962,kiwi
587177961,banana
587174868,pear
587174871,pear
587174869,gooseberry
587174866,kiwi
587174861,apple
587174883,gooseberry
587174884,pear
587174864,apple
587174885,banana
587174863,banana
587174865,pear
587174890,kiwi
13649540,gooseberry
13759929,gooseberry
143429088,apple
13759936,kiwi
22989990,gooseberry
22989988,banana
13760714,banana
13759932,kiwi
68195466,kiwi
658563176,gooseberry
216503835,gooseberry
216503834,banana
50015854,pear
1074850,pear
13761046,gooseberry
13759935,kiwi
216503836,kiwi
216503837,pear
216503838,apple
13762195,banana
22989670,pear
272003202,kiwi
271590907,apple
13761047,banana
745776524,pear
22990000,pear
22989918,gooseberry
113550808,pear
113550822,apple
113550807,kiwi
113550812,gooseberry
113550809,apple
113550821,pear
113550814,apple
113550819,gooseberry
113550820,apple
113550813,apple
113550817,kiwi
126127556,kiwi
268870899,pear
10460555,apple
22989611,kiwi
10460554,banana
49930628,banana
81456696,pear
548317333,pear
527777700,apple
22989478,banana
464904393,banana
381755717,pear
218318191,kiwi
143767744,pear
464904535,apple
464904520,banana
37417522,kiwi
122111247,apple
14580825,banana
218318187,kiwi
745771100,gooseberry
218318185,pear
118904117,banana
26490214,apple
130155071,apple
14580816,kiwi
14580817,banana
14580820,kiwi
375253,apple
47425316,apple
9434970,gooseberry
47425302,gooseberry
47425317,apple
47425299,banana
272030161,banana
122111241,apple
122111243,gooseberry
26490927,gooseberry
26490926,apple
218318184,banana
218318183,kiwi
218318181,kiwi
11688785,kiwi
26490216,gooseberry
26490218,kiwi
272030160,kiwi
272030155,pear
272030159,banana
14580821,kiwi
14580823,gooseberry
375254,banana
544166627,pear
219801847,banana
544166625,gooseberry
544166626,kiwi
544166624,kiwi
219801833,banana
219801836,banana
47425312,banana
47425304,gooseberry
272030156,kiwi
272030158,pear
50014627,banana
7776044,gooseberry
50014256,pear
549028903,pear
50013730,apple
50013728,apple
50013726,gooseberry
50013724,banana
219801841,banana
219801843,apple
219801831,pear
219801838,pear
108077585,banana
219801829,kiwi
219801832,gooseberry
219801840,kiwi
219801837,apple
219801842,banana
219801828,kiwi
219801830,gooseberry
219801839,pear
219801846,banana
219801845,apple
219801844,gooseberry
219801827,apple
219801835,gooseberry
50013027,banana
219801834,kiwi
108077591,kiwi
50013723,gooseberry
1536412,gooseberry
49939622,banana
49940027,apple
49940030,pear
49940026,banana
838233258,apple
49940024,gooseberry
838233257,kiwi
49940023,pear
123623480,apple
1600075,kiwi
108076909,kiwi
108076928,pear
108076902,apple
108076916,kiwi
691052730,pear
108076919,apple
208077799,pear
108076908,apple
272030154,banana
123623482,apple
272030157,apple
109935043,kiwi
109937839,banana
109935042,apple
109931436,apple
108076923,kiwi
49940017,pear
208077796,kiwi
49940022,gooseberry
49940020,gooseberry
49940018,pear
217468545,kiwi
10427180,kiwi
10427179,banana
208077800,banana
217468544,gooseberry
113550954,kiwi
113550953,banana
380427095,pear
199125776,banana
380427040,apple
113550951,kiwi
126855225,gooseberry
267939748,banana
539709723,pear
539709722,gooseberry
380427092,banana
380427148,kiwi
640892458,kiwi
318803832,apple
318803831,pear
539709724,apple
267939749,kiwi
539709721,gooseberry
379688478,gooseberry
268868964,apple
539709720,gooseberry
268868962,banana
167972506,banana
319590639,gooseberry
319590640,kiwi
523614484,kiwi
25415811,gooseberry
1993585,banana
523614475,apple
523614480,banana
523614478,apple
523614479,pear
167972414,apple
29319114,apple
29319115,gooseberry
29319116,pear
29319117,kiwi
29319119,kiwi
379688436,banana
26491349,pear
146985537,apple
26491350,pear
26491341,banana
29319121,banana
26491340,kiwi
167983784,kiwi
495977289,apple
587177948,kiwi
587177957,pear
587177958,apple
679549771,banana
167972418,banana
495977281,gooseberry
495980604,kiwi
167973590,banana
167973592,pear
495756792,apple
689718977,gooseberry
167973594,kiwi
167973593,pear
495977282,banana
495977283,gooseberry
167973589,pear
26491112,kiwi
102815915,pear
495983709,gooseberry
495980603,apple
240327096,banana
495980600,pear
495980602,pear
495980601,banana
224008300,pear
224007886,banana
495977285,kiwi
495977284,gooseberry
27068812,apple
16108425,kiwi
379688332,pear
15698848,banana
225705864,apple
39093460,pear
29319118,banana
166804939,gooseberry
838233253,banana
130155077,gooseberry
130155078,kiwi
220410215,banana
838233252,gooseberry
61395,pear
29319126,pear
29319120,apple
379688468,kiwi
26478452,kiwi
55502864,apple
758394390,apple
167972417,apple
26491343,pear
167972416,kiwi
26491345,gooseberry
379688465,gooseberry
29319124,pear
379688471,kiwi
379688461,gooseberry
379688459,pear
809554364,gooseberry
26491346,kiwi
26491348,pear
44699274,apple
93119867,gooseberry
220410213,banana
220410214,pear
220410212,banana
166804938,banana
7776056,pear
838233251,apple
495756793,kiwi
495891724,gooseberry
26477644,gooseberry
26477643,banana
26491108,apple
29177,apple
93119089,gooseberry
16108423,kiwi
26491109,apple
26491339,kiwi
26491110,apple
26477645,kiwi
93119087,kiwi
16108427,banana
102814719,pear
40985980,pear
47347244,apple
115966504,gooseberry
379688431,kiwi
26491213,kiwi
379688432,banana
671055926,kiwi
26491215,gooseberry
267035844,banana
102813193,pear
172517431,apple
58252415,gooseberry
58252411,pear
4163598,gooseberry
381646628,kiwi
4161186,pear
102813182,gooseberry
381646715,kiwi
381646704,gooseberry
381335014,banana
49312830,gooseberry
49312816,gooseberry
311076148,apple
179676158,banana
311076160,apple
93119086,gooseberry
113468889,apple
113468893,banana
59285111,kiwi
113468891,banana
49312828,pear
310964723,apple
381871482,kiwi
310964787,banana
113423773,kiwi
49312827,gooseberry
372971418,gooseberry
381871478,kiwi
113423771,pear
308187424,apple
381871481,banana
49312823,apple
381871477,apple
311076153,gooseberry
49312825,pear
49312822,banana
145467838,kiwi
146253810,banana
146253801,apple
146253809,kiwi
146268824,kiwi
114431794,banana
146255291,pear
382360180,gooseberry
146255300,pear
146255298,gooseberry
146255299,kiwi
146269581,gooseberry
146269585,apple
283624401,apple
146270016,gooseberry
146270017,banana
146270015,kiwi
31541818,banana
31541757,banana
303027612,kiwi
587174873,apple
587174874,gooseberry
587174860,pear
587174886,kiwi
587174862,banana
587174887,kiwi
40989188,gooseberry
155399935,kiwi
465270191,apple
40989190,pear
56247631,banana
26491214,gooseberry
369749664,banana
49312824,gooseberry
49312818,pear
310964756,gooseberry
49312819,kiwi
310964761,pear
49312821,gooseberry
310964758,gooseberry
26768264,banana
1154556,gooseberry
11516702,kiwi
26490921,pear
4813487,apple
55501069,kiwi
172517430,banana
58252416,kiwi
59285095,kiwi
93119085,apple
93119090,kiwi
311076166,apple
311076169,kiwi
179676156,gooseberry
381646681,banana
381646729,kiwi
59285086,pear
311076146,kiwi
93119088,apple
59285112,pear
113468884,kiwi
113468885,pear
113468886,kiwi
311076158,gooseberry
310964744,apple
310964762,pear
310964759,pear
49312838,kiwi
95361475,pear
95361456,banana
95361457,apple
95361462,gooseberry
95334704,apple
95334696,gooseberry
95334707,gooseberry
1378007,kiwi
95361361,gooseberry
95361360,apple
102973073,kiwi
102973091,kiwi
102973102,gooseberry
102973081,gooseberry
29010026,apple
29010025,gooseberry
29010028,apple
134497213,gooseberry
320485955,apple
25780510,gooseberry
35444547,apple
238917065,gooseberry
48378932,gooseberry
95361571,gooseberry
95361569,gooseberry
95361581,gooseberry
95361570,banana
95361594,banana
95361597,banana
122006092,gooseberry
122006093,banana
37415978,banana
536945940,kiwi
128824831,gooseberry
60845775,kiwi
536945952,kiwi
280453453,kiwi
304156,apple
93067242,apple
45170941,gooseberry
45170942,kiwi
249159347,banana
45170944,banana
45170943,pear
495635924,apple
495635925,kiwi
495634792,kiwi
278404300,apple
278404294,pear
534907801,pear
534907800,banana
4675901,apple
372322590,kiwi
217939576,kiwi
536648899,banana
536648900,banana
536648898,apple
107305188,gooseberry
107305200,pear
107304190,banana
107304194,banana
1528267,apple
107304191,apple
326872170,kiwi
1309160,apple
95361474,banana
217525770,gooseberry
2880456,gooseberry
95361568,pear
95361567,apple
95361564,banana
95361461,pear
217525768,pear
95361465,kiwi
95361464,gooseberry
95361471,gooseberry
217525769,banana
95361469,kiwi
95361463,kiwi
95361468,banana
95361595,kiwi
95361596,gooseberry
95361566,kiwi
95361565,banana
1378009,pear
95334713,pear
95334700,banana
607436515,kiwi
95334702,banana
95334701,apple
95334695,apple
95334699,gooseberry
375092950,apple
375092949,pear
25780044,gooseberry
375092948,gooseberry
375092953,banana
556557785,gooseberry
375092951,gooseberry
375092944,pear
375092946,apple
25779245,gooseberry
25779252,kiwi
616059657,kiwi
25779237,apple
25780043,apple
215471907,kiwi
25779238,banana
25779240,gooseberry
25779239,pear
121898861,pear
25779243,pear
618369951,banana
102973071,apple
618369952,kiwi
618369953,pear
618369954,pear
375092945,apple
375092952,kiwi
618369950,gooseberry
102973082,gooseberry
102973074,pear
102973094,banana
102973066,apple
102973078,gooseberry
102973108,apple
266018813,banana
655440977,pear
25780376,gooseberry
25780374,banana
269331497,kiwi
25779477,apple
35444548,banana
404905998,banana
143527621,pear
271846284,pear
268901430,apple
25779478,gooseberry
7948981,banana
267559690,banana
25779480,gooseberry
25779481,kiwi
25779482,pear
268901431,apple
25779485,gooseberry
267559689,pear
25779479,gooseberry
267559691,pear
35444549,banana
489424273,apple
489424274,pear
312008119,pear
613064590,pear
613066240,pear
35437963,pear
25780373,gooseberry
548918810,apple
121901201,kiwi
121901204,gooseberry
312008129,apple
312008128,pear
25779263,banana
25779262,banana
22529,gooseberry
312008123,gooseberry
25779242,kiwi
25779805,pear
25779261,gooseberry
25779257,gooseberry
25779258,kiwi
25779259,pear
25779256,apple
25779255,kiwi
25779807,kiwi
3637687,banana
22533,pear
25779833,apple
25779241,gooseberry
312008126,apple
312008124,kiwi
572887007,apple
25779248,gooseberry
312008130,gooseberry
257484721,kiwi
25780318,apple
25780316,kiwi
572887008,kiwi
25779251,banana
25779837,apple
25780315,apple
25780312,kiwi
25779808,pear
60845776,kiwi
709874558,apple
709874559,apple
22535,banana
25779816,banana
499504826,banana
342078863,gooseberry
499504828,gooseberry
499504827,gooseberry
499504824,pear
1555412,apple
25779840,kiwi
25779842,apple
709874557,apple
866990352,pear
25779824,gooseberry
3878454,gooseberry
312008121,kiwi
25779473,gooseberry
292048840,banana
25779821,kiwi
25779820,banana
260589820,banana
22536,banana
512963097,banana
262243390,kiwi
260491089,pear
262109635,pear
512963098,banana
539749852,banana
25779475,banana
25779472,banana
475894487,pear
25780320,banana
25780322,apple
25780324,apple
121901223,banana
121901208,apple
121901211,kiwi
121901199,kiwi
489126713,gooseberry
490710030,banana
121901222,banana
710420098,kiwi
312008120,gooseberry
25780321,apple
7670507,apple
1579685,gooseberry
25779474,gooseberry
313295746,apple
25500391,gooseberry
266018810,gooseberry
312008122,gooseberry
25780513,banana
424726223,banana
424726227,apple
25780375,banana
35444546,gooseberry
25780378,gooseberry
577741312,banana
25780509,pear
312008127,apple
25780377,gooseberry
312008125,pear
121901205,apple
121901214,banana
121901225,gooseberry
121901210,banana
121901209,banana
121901213,banana
121901220,apple
121901206,gooseberry
121901221,banana
121901203,banana
121901224,pear
121901226,gooseberry
515195049,kiwi
123338612,pear
18340403,gooseberry
48378933,apple
48378935,gooseberry
137644453,apple
49341915,kiwi
121901228,banana
489127050,banana
121901202,banana
489127051,kiwi
121901207,kiwi
121901216,apple
121901215,kiwi
490710028,apple
121901212,banana
490710034,banana
121901217,pear
121901200,apple
121901229,apple
74530137,gooseberry
35437961,gooseberry
121702440,banana
106952577,banana
118603618,gooseberry
117866956,apple
551695837,pear
551695836,gooseberry
46603834,kiwi
18062604,gooseberry
32012726,kiwi
336616899,apple
18952989,gooseberry
553106519,banana
18952322,banana
553106518,banana
553106520,apple
45170932,apple
45170933,pear
45170937,kiwi
45170940,kiwi
608437354,gooseberry
608437355,pear
45170938,kiwi
45170921,banana
45170919,pear
45170922,kiwi
45170915,banana
45170916,pear
45400256,banana
45170917,gooseberry
45170936,pear
45170920,banana
278398742,apple
278398744,banana
278398746,apple
278398743,gooseberry
30121314,gooseberry
107305374,kiwi
278398750,apple
495736291,kiwi
495736289,apple
30121328,kiwi
25779847,banana
257430318,banana
437578301,kiwi
376791917,pear
30121345,banana
495634791,kiwi
495634790,apple
495634789,gooseberry
495634788,kiwi
278404291,kiwi
278404296,kiwi
278404293,banana
278404301,gooseberry
495634787,kiwi
278404299,pear
26792867,kiwi
263003506,apple
263003505,kiwi
263003503,pear
495636472,banana
495636471,banana
495636470,kiwi
217939573,gooseberry
26792822,gooseberry
536660399,pear
495636469,apple
263003504,gooseberry
217939575,banana
2886726,apple
143732759,banana
30217946,pear
30217965,kiwi
278404297,apple
278404298,apple
258918150,kiwi
278404292,kiwi
536658372,apple
536658371,gooseberry
25882928,kiwi
26177815,kiwi
26177816,banana
115751169,gooseberry
25882874,kiwi
573704622,gooseberry
34588837,pear
34588853,pear
34588796,pear
34588814,pear
573704196,gooseberry
34588864,gooseberry
34588896,kiwi
543150422,kiwi
255909249,gooseberry
34588902,kiwi
219868002,gooseberry
226371533,apple
215303679,gooseberry
172321790,gooseberry
215303677,gooseberry
215303674,kiwi
215303675,kiwi
215303669,banana
172322529,kiwi
675937263,apple
321508388,gooseberry
217939574,banana
217938387,gooseberry
217938397,kiwi
107305190,gooseberry
217938398,gooseberry
217938399,banana
217938400,pear
217938401,gooseberry
217938393,apple
217938394,apple
107305197,banana
217938395,apple
424064493,kiwi
107305189,pear
217938390,apple
217938389,apple
217938391,apple
217938388,gooseberry
107305198,banana
372320690,kiwi
217938392,apple
34588971,banana
34588907,apple
34588922,gooseberry
536650813,apple
263004606,pear
263004605,kiwi
263004607,gooseberry
3537090,banana
263390327,kiwi
263390328,banana
263390329,banana
217938396,banana
217938386,apple
107305193,kiwi
107307826,apple
107307828,kiwi
424064494,kiwi
34588988,pear
34588999,banana
107307827,pear
107307819,apple
424064497,pear
107307824,kiwi
219908585,gooseberry
219922203,apple
219922201,apple
254612237,gooseberry
6302929,banana
107304195,apple
424064500,gooseberry
107305199,apple
107305186,gooseberry
107222142,pear
424064499,apple
424064498,gooseberry
107304196,apple
107304180,banana
279260546,pear
107304186,kiwi
1528266,gooseberry
107304184,banana
107304183,pear
107222148,apple
107222150,banana
272870886,gooseberry
107305195,gooseberry
107305187,apple
107307818,kiwi
424064496,pear
107307823,apple
107307825,banana
424064501,banana
107305192,pear
231343792,pear
231343794,apple
107307822,pear
231343795,banana
219922202,apple
231343791,kiwi
107307820,banana
231152378,banana
231150368,banana
710421996,apple
219922204,banana
710420475,apple
710421997,apple
710421998,kiwi
217941318,gooseberry
107308027,banana
107308024,kiwi
11097825,gooseberry
279117948,gooseberry
226851833,gooseberry
226851832,kiwi
226851834,apple
226851828,kiwi
226851835,apple
551060994,apple
551060992,gooseberry
215303672,banana
227330623,apple
219415167,kiwi
219415168,kiwi
219271039,gooseberry
551060990,kiwi
219415169,banana
710421569,banana
219271040,pear
625922000,kiwi
625921998,gooseberry
106952579,kiwi
718035022,gooseberry
106953934,pear
106953928,kiwi
349349407,gooseberry
48126084,kiwi
18060805,apple
18060804,banana
18952987,apple
18952327,gooseberry
118686816,kiwi
18952335,banana
26746069,banana
26746068,gooseberry
33755520,gooseberry
24046078,kiwi
539247182,kiwi
123270481,pear
180557,apple
24045967,pear
439690569,gooseberry
107222676,apple
107222685,kiwi
709577386,gooseberry
107222677,kiwi
107222147,gooseberry
572475169,gooseberry
107222139,pear
107222145,pear
107222143,gooseberry
231152840,pear
231152376,banana
231152377,gooseberry
231152839,kiwi
3626622,kiwi